喵喵喵了个去8,50,整体来说设施很完善，体验很棒，除了冬天太冷了。我们是趁着年前本地人凭身份证免费入园这个活动去的，得到一张工厂参观票和小火车乘坐票。停车场也挺大的，进入园区，城堡一样的大楼呈现在眼前，当天工厂店是10.45分开园，检票进入，整个巧克力流水线就在我们脚下，还有讲解员为游客讲解各种工序和展品，最期待的是试吃，首先是四种口味的巧克力塔，用小棍饼干蘸着吃味道很好，其次是12种口味的巧克力试吃，最后一种是辣味的。还有可可豆的介绍，最后来到巧克力售卖大厅，各种礼盒，包装等，最喜欢的还是生巧，口感细腻，不会太甜。小火车基本1小时一班，要提前排队等候，一班的座位不是很多。园区种植了花苗，因为冬季，一片萧瑟，其他地方更像是婚礼外景拍摄场地，南瓜车，荷兰风车，人造沙滩，游艇，等。很适合家长带小朋友来玩，还有亲子DIY。西餐厅不建议大家去吃，真的饿了，可以单点饭和面类，套餐不敢恭维，量太少。 ,2018-02-06 08:17,
木米女女青,40,团购需要当天10点前，所以临时去只能到了再买票了，绿化布置的不错，一路彩虹风车到门口走的距离虽长但景色不错。里面主要是巧克力工厂和博物馆，亮点在可以试吃，其他没什么意思，有个小朋友的游艺室还行，但卫生不是太好。其他景点都是些拍照的布景，可玩性比较差。最有特色的是小火车，每人只能坐一次，绕整个园区一大圈，缺点是尾气有点重。不过巧克力是不错的，貌似人人都买了，我买的生巧，比外面便宜多了。 ,2018-02-06 08:00,
0紅顏為誰0,50,過年時候出去玩，順便路過小鎮就來玩一玩。車子還蠻方便的，我們去的時候停車場沒位子了，是停旁邊額。裡面蠻大的，但由於是冬天，花是基本沒有，都是草地。每個人可以坐一次小火車，繞場一圈，有點冷😂天氣暖和時候應該很舒服。買了套餐是有做巧克力的，蠻好玩的。餐廳可選擇的東西不大多，披薩的底我很喜歡，表揚！ ,2018-03-06 09:55,
sybil_fy,30,一般吧，其实可以长知识，但是时间比较赶，为了坐小火车，并没有仔细参观和听讲解，有点浪费了门票，巧克力很好吃倒是，带着娃来的，住在附近的温泉度假区，过来很近，才两三公里路，方便倒是很方便，停车也方便，不收费，走进来有一段路，门票70一人的话有点贵的，大众点评订票50一成人便宜点 ,2018-02-24 14:17,
咩荠,30,是江浙一带新开发的旅游景点 主题是巧克力 老板好像是从国外留学归来的富二代 感觉中国应该有巧克力文化的主题乐园于是修建了这里 我们是从嘉兴开车过去的 高速公路开大约一个小时就到了 园区整体还算可以 但是和大型主题乐园还有一定的差距 主楼每隔半小时有博物馆参观导览 意思是巧克力如何制作的 可惜很多游客不听讲解 各种吵吵 参观完毕 可以去儿童乐园 那里面有软体设施玩 点评上团的门票还可以做一块巧克力 总的来说不错 ,2018-02-22 22:44,
暖BAO1124,40,嘉兴开过去还是有点距离的，带小孩去很合适，门票略贵，去一次就够了，听说过年期间对嘉兴市民免费开放，去的那天下雨，地面草地都是湿的，体验不好，室外有小火车按点发车，绕小镇一圈，周围有花田，还有人拍婚纱照，天气好的话应该不错，参观巧克力工厂，周末工厂不生产所以看不到生产线，有讲解巧克力方面的知识，有各种巧克力免费品尝，还有巧克力diy，人很多需要排队，总体不错，没去过了可以去一下 ,2018-01-23 16:31,
觉文文,40,工厂里面真的弄得很不错，设施很新，对巧克力的历史和工艺介绍的很详细，而且环境也很好，画及一些道具做的也很走心。不过走马观花的话还是很快就看完了，而且工厂生产线不是每天都开，有点遗憾了。外面场地虽然大，有小火车，但是感觉还比较荒，估计还有待开发…可能带着孩子来玩儿可以更欢乐一点，不过估计也就2个小时左右结束了，花不了太久…品尝巧克力那里挺有心意，而且最早很多口味的可可果形状的巧克力意外的好吃，后悔买少了…后来的生巧一般吧，而且后面就没啥看的东西了，商品较多… ,2017-12-24 14:30,
原告没有珍珠手链,30,位于嘉善的歌斐颂巧克力小镇，环境蛮好的，去的时候还看到有新人拍婚纱照。可以玩的点并不是很多，基本上1个多小时就可以逛完了。感觉还是比较适合带小盆友玩吧，大人的话没什么好玩的。去买了点巧克力，味道还不错。 ,2018-02-25 20:45,
予笙笙Zz,50,因为工作上的考察 天气并不给力😞做了小火车 小雨天去坐小火车 TM的又冷又湿…进去就是三种口味的巧克力 我只吃了黑巧😅里面有一条窗口摆着好多种巧克力 让游客们免费品尝 我吃了那些我没吃过的😘对辣味巧克力记忆最深 小可爱们可以去试试…还有各种奇形怪状的机器 总之没白来 很满足😁 ,2018-01-21 15:55,
ice_1009,40,1.4米以下的孩子免票，团购的票就退了。评为国家4A景区，门票半价35元。巧克力工厂有讲解员，还有免费试吃。买了盒生巧40元。孩子们DIY巧克力，每盒50元。还有小火车可以坐，孩子们玩得很开心。小火车和儿童乐园都是免费的。因为对嘉兴地区居民免费开放，人还是满多。景点就没有什么了。 ,2018-02-09 14:52,
大号小强,30,前后去过2次，都是小孩子参加的早教班或者培训班组织的。地方很大，是当地政府批的一个旅游兼工业的项目。两次去都没看到机器运转，也没看到巧克力生产的过程。基本上就是个公园性质，没有什么教育价值。,2018-02-23 15:10,
步离海海,50,带了小朋友去巧克力小镇，2大1小，在某宝上买的票131，包括一份diy。真是小女孩的童话乐园，有室内外两个充气城堡，还有小火车可以坐，到处漂亮风车，卡通展板，南瓜车，还有适合婚纱照的花海风车漂亮建筑，小沙滩，码头游艇，还有巧克力工厂可以参观，各种免费品尝巧克力，还能diy一份带走。送了20代50的券，带了一些巧克力回来，最好吃的是生巧，40一盒非常好吃。 ,2017-11-30 18:45,
滢滢QQ,40,第二次去巧克力小镇，之前去过一次，以为再也不回来了，这次是同行的朋友想来就顺便过来买点巧克力，因为之前来过就没有什么新鲜感了，不过元旦有打卡的活动，每个小朋友有一张任务卡，找到密码可以领取巧克力一份，这次新推出了生巧，超级好吃，推荐大家去买 ,2018-01-03 08:08,
金果子要吃遍上海,40,过年时去的，工厂工人放假，车间里没人，机器停工，但参观券价格70元不变，还不能团购，除了摆放一些巧克力让你品尝外，没有其他内容。既然参观内容少了，就不该原价收费，坑人！,2018-02-23 00:50,
扎头发老简单,40,一路开过去边上有花海，看到很多人都停车下来拍照巧克力小镇面积不算大，但挺适合小朋友的，有火车，还能自己DIY巧克力，还能参观巧克力工厂，亲眼目睹制作过程，还有不同口味巧克力品尝，印象最深就是辣巧克力口味，确实有点辣，口味蛮特别的楼下还有纪念品可以买 ,2017-12-05 09:25,
fyaptx,50,12月17日 晴 0到4度 有些西北风 真的很冷花的确没什么花 但到了那里 还是很有气场进门一路等车引导 参观巧克力工厂冬季属于淡季 流水线没有开启 试吃巧克力小朋友还是很开心的接下来是小朋友游玩区 免费不现实 基本玩个1个小时就差不多了 楼下有亲子制作还有巧克力商店 门票包含50-20的优惠券商店旁还有+10元抓一次巧克力 不限数量 手大就很划算天冷 小火车坐的有些冷 兜了一圈 如果开春来 真的美不胜收还是值得来一次的 即便是冬天 但小朋友还是玩的很开心 收获满满。 ,2017-12-17 19:10,
偶卖糕的！,40,也算秋游出来踏青了，上海开车过去大概要一个多小时两个小时左右。小镇真心不算太大，小火车逛花海还是挺好看的，各种各样的花恨不得跳下去拍照，不过逛一圈最多也就五分钟十分钟最多了。参观巧克力制作还有了解巧克力历史基本可以一笔带过，品尝区有很多品种的巧克力可以尝，尝完有中意的最后可以买，价钱还是比较适中的。重头戏就是巧克力制作啦，对大人而言可以说毫无难度，其实就是融化好的巧克力倒进模子里然后画画图案，小孩子来感觉更有乐趣吧。去的时候碰到好多熊孩子秋游，建议还是周末过来，逛逛吃吃做做应该可以消磨一整天。 ,2017-10-23 06:49,
～尐毛球～,40,小朋友的秋游来到位于嘉善县的这个新开发的度假区，巧克力小镇也在里面小镇面积挺大的，有很多花花草草，房子都是欧式建筑，很适合拍照楼上有参观生产巧克力的流水线，还有品尝各种不同的巧克力，辣味巧克力让我印象深刻，入口没有感觉，过了会就觉得好辣，建议不要给小朋友尝试参观品尝完，在一楼有DIY巧克力，配着巧克力酱和模具，宝宝自己动手完成了制作，等待一小时可以到服务中心去领取自己的作品 ,2017-11-12 08:40,
qiuqiujay,40,路过可以去逛逛的一个地方，巧克力瀑布很好吃，很香醇的口味。手工巧克力一小包二十元，生巧挺划算的，40一盒。天气好的时候可以在门口的绿地溜溜娃,2018-02-22 10:56,
淼淼_362421,50,宝宝的第一次秋游幼儿园选在了嘉善的歌斐颂巧克力小镇，一大早二十几辆大巴车队就浩浩荡荡的直奔而去，到了小镇门口一大片花海就映入眼帘，太美了！巧克力工厂一边参观还能一边品尝各种口味的巧克力，大爱！制作巧克力让宝宝觉得很新奇，连我也觉得好有趣，坐上观光小火车可以一览整个小镇美丽的风景，这次的秋游让宝宝的成长经历添上了美丽的一笔！ ,2017-12-17 09:46,
飞觞醉客,40,乍看之下本以为没什么没啥东东的一个地方，因为公司办了一场家庭日，因此，来到这个地方走走。有孩子的人，这里是一个不错的选择。除了有巧克力的教育意味在，参观巧克力工厂，更是有不同口味的巧克力可以任你畅吃。最后还可以做个巧克力DIY。这个园区有个小火车，坐一圈逛下来大概15分钟，可以看看园区的大致风景。园区内的草坪规划的还不错，可惜花种的不够多，不过应该还是逐渐在建设之中。售票口的服务员，态度有点差。从事服务业的人，心态应该要好好调整一下。 ,2017-11-04 20:15,
牙膏牙刷牙杯,30,真实的体验如下179元/2大1小包括巧克力制作体验我们是参加中国蓝跑跑活动的10点入园，园区营业时间是9-16：30，入门是围绕整个园区的小火车，一般是半小时一趟，人多就坐满即开，从入园开启，广播介绍整个园区的建筑和园区的特色，因为我们去的时间是秋中期，很多植物都枯萎，唯一能看到的就是🌻还开着，依稀可见拍婚纱的三三两两。据说是婚纱基地。东到情人码头，西到玻璃房植物基地。下了火车，小朋友可以玩的就是行政中心边上的户外爬梯，再一个注气滑梯，行政中心有巧克力工厂，DIY巧克力制作，参观巧克力魔法城堡，介绍巧克力的来源，制作及其品尝。印象最深的就是辣巧克力，哇塞，那个辣的我回头又多品尝了N粒巧克力。有记忆以来，最多入口的一次，巧克力吃到不想吃为止。中午是在西餐厅用的餐，188的套餐，两杯饮料，一个9寸pizz，一个咖喱饭，一个意大利面，保证一家人可以吃够。味道还不错，披萨是现做，所以会久点，做好心理准备。还有就是288（具体价格不记得了）多了一个沙拉，换了个牛肉饭，披萨换了个12寸的。建议可以西餐厅用餐。中餐厅比较远，在整个园区的西北处拐角，似乎接待喜宴为主（至少我们去的那天就是）。吃完饭就是带着孩子制作巧克力，自已选择模具，等待老师的开始。洗手后等待老师发放巧克力颜料瓶子，最后就是大头，主角巧克力，等待制作完毕，冷冻一个小时，即可在服务区领取自己制作的成品（核对手环），但是唯一遗憾的是，制作完成的巧克力尽然没有底壳，直接安装在盒子里，感觉不是很卫生。利用这一个小时我们参观了巧克力魔法城堡，进入场馆还是比较冷的，内外温差特别大，做好保护。巧克力的制作工艺，生产，研发，展示，体验，品尝于一体的，还能看到大师亲子操刀制作，真是美轮美奂，惟妙惟肖，一个虚拟版的世界就在你的眼前，重要的是都是巧克力做的，而且不含防腐剂。出口即可到达行政大厅，进去购买区，可以挑选自己想要带回家或者送人的礼物，大的小的，礼盒的，散装的应有尽有，只要你带够了米，就可以抱回家。可以🚄做到嘉善，下车过去也就10-15分钟，不过我们大巴去的。下面是度娘的介绍～～～歌斐颂巧克力小镇（斯麦乐巧克力乐园）是由斯麦乐集团投资打造的省级重点项目、是国内首家集巧克力生产、研发、展示、体验、休闲度假于一体的巧克力工业旅游与主题乐园相结合的特色旅游产品。 一幢幢欧式建筑充满着浪漫、清新的异国情调，让人身在国内却犹如游览于“异国他乡”；一件件先进设备构成的国际顶尖巧克力流水线，观赏到巧克力生产的神奇奥秘；一粒粒可可豆讲述一段奇妙的巧克力故事，让人感受到可可豆的神奇魅力。一个个家庭携子进入儿童DIY制作区，享受着亲子活动带来的天伦之乐；一次次世界大师的巧克力手工制作表演，享受着亲密接触与甜蜜口福带来的乐趣。 每个区域每个环节都可以体验到巧克力文化的无穷魅力、享受到巧克力带来的的无限甜蜜！ ,2017-10-08 11:28,
共计托巴辛集咯,50,巧克力小镇真是名不虚传，在巧克力加工厂可以参观生产流水线，还可以品尝各种各样的，巧克力，还有小火车坐，院内各种各样的设计，就像来到了童话王国一样，如果是一家，人，亲子活动，或拍婚纱照，来此处真的很不错哦😊 ,2017-12-29 10:29,
梨窝浅浅。,50,5月份公司组织的春游，去了嘉兴平湖，上海开车过去一个多月，先去摘了草莓，草莓吃个够，然后来了这个巧克力小镇，看了巧克力的制作原料和制作过程，还免费品尝了各种口味的巧克力，当然我们回去的时候买了好几百块钱的巧克力，最特色的就是辣味巧克力，因为在别的地方是吃不到这个口味的。然后自由活动逛了一下这边，好多拍婚纱照的啊，这里真的是个很适合照婚纱照的地方，景色很美。最后坐了小火车在景区逛了一圈就结束了一天的行程。 ,2017-12-07 15:49,
zoeshi0313,40,停车场还没建好 路边随便停 园区不大 环境蛮好 凭门票可以乘坐小火车 参观巧克力工厂 生产线没什么 感觉在作秀 有免费品尝四种口味的巧克力喷泉 还有巧克力块 最后一种辣巧克力 吃了想吐 不建议品尝 DIY制作是在巧克力市政厅那栋楼 建议先去做巧克力 做完要等冷冻45分钟才可以拿到 有个可可森林 是个玻璃房子 惜走到那门锁了不让参观 里面是些可可树 还有片花海 风车模型 热气球 好多新人在拍婚纱照 ,2017-10-23 08:09,
夜半的闹铃,50,超大的 简直就是孩子的乐园 太棒了 还有现做的巧克力 无敌好吃 还买了很多带回家,2018-03-03 22:00,
小资鲁lisa,50,品尝了巧克力，坐了小火车，小朋友很开心,2018-02-20 22:13,
mily777,30,小朋友们开心就好，有试吃巧克力，有巧克力DIY。反正都是巧克力。这里的生巧不错，40一盒。味道比日本的不差。值得推荐。,2018-02-17 17:08,
梨蜜,50,地方大，巧克力蛮好吃的，还买了好多回家慢慢尝,2018-02-16 23:59,
daisy小可爱,50,最近在搞免费门票的活动，宝宝去了还想去，准备下个周末再去玩！,2018-02-06 14:32,
萌_吖吖,50,现在本地身份证免费刚好有主题活动去玩了下宝宝玩的不想回来,2018-02-02 21:30,
洛菲儿520,50,第一次来玩歌费颂小镇，开心啊！,2018-01-28 14:03,
Queen_476929,50,免费制作巧克力，成品很美丽！满屋子洋溢着甜蜜的气息[跳跳],2018-01-25 12:53,
若花轻舞_1391,50,又是一家三口出游的节奏，这次选择了性价比很好的歌斐颂巧克力小镇，在驴妈妈上订票才56一人，有紫色薰衣草满园，还有宝宝喜欢的小火车，参观巧克力工厂还有免费试吃，可以玩一整个下午，不错！,2018-01-10 15:54,
dpuser_3978164840,40,玩的东西稍微少了点 制作巧克蛮好的 里边的巧克力做的很好吃也很有特色 特别是手工柠檬黑巧 很好吃 很可惜当天售完没买到。。。,2018-01-02 23:38,
吃胖的三毛,10,除了买巧克力就什么都没有了！太无聊,2017-12-31 20:31,
真真_7748,40,环境不错，巧克力很多口味，其他玩乐项目较少，很快逛完了,2017-12-31 17:55,
yidiandian33,50,不错的体验，有小火车，有免费巧克力品尝，环境也不错，沿路有彩色小风车，花海的花还没开，碰到三对新人在拍外景。选择了简单的儿童巧克力DIY，因为成人DIY需要等很久，就是把融化的巧克力酱往容具里面填充，,2017-12-31 17:51,
dpuser_2005390350,50,小镇非常好玩小孩去了好几次了，还想去玩,2017-12-30 08:01,
dpuser_1060859505,20,别提了，本来是我是要好好开心的去玩了好好放松下的，没想到回来时，跟老公吵架啦，整个心情都不好😤😤😤😤,2017-12-12 09:21,
帕丁顿熊66,50,看到朋友的点评然后决定也去一次。真的不错，适合小朋友，很休闲，参观完巧克力工厂，坐完小火车，可以在园区里兜一圈，风景不错,2017-12-03 10:44,
sandy康雯倩,50,里面的西餐店不怎么好吃，巧克力还是不错还有试吃，参观巧克力的制作流程，是个不错的体验，就是门票有点贵！进入园区都需要付费的，除了一个小火车！,2017-12-02 17:47,
Jewel1222,30,某周六带孩子来骑行的，由于风太大了，室外玩的不多，主要在市政大厅一块活动。室外孩子比较感兴趣的小火车这一天都在检修了，挺遗憾的。室内参观工厂还是可以的，试吃巧克力也挺实在的，自己做的巧克力口味也蛮不错。里面的西餐厅，口味价格都还可以接受。 ,2017-11-29 14:04,
浩浩-Hao,50,带娃去 小家伙很喜欢，一家门一起.,2017-11-25 15:42,
kurama6,50,在大众点评上团的，比较划算～里面不大，但是有小火车，小朋友很喜欢乘～小宝宝可以免票，排小火车的时候刚好和奶奶分在了两批，于是宝宝就连乘了两次～巧克力工厂里有很多试吃，真不错～玫瑰味的最好吃～不过试吃区是一条走廊，巧克力品种虽然很多，但没办法把每种都品尝到。。非常遗憾。。有个工作人员还会在旁边提醒大家不能把巧克力拿在手上带出去。。每一层都有卖巧克力的区域，感觉三层的最不划算，入园时送的巧克力抵用券只有一层能用，买了好多巧克力，还一起diy做巧克力～很有意思～手大的小伙伴可以试试十块钱抓巧克力～抓到多少算多少，很划算！景区吃饭比较贵，停车免费～ ,2017-10-06 更新于2017-11-24 21:27,
切慕溪水,40,适合带小朋友去 小火车还不错 花海也不错 主要是小孩子开心 辣味巧克力不建议尝试,2017-11-17 21:47,
yuner113,40,国庆期间带娃去的，人不算很多，总体满意。,2017-11-15 23:18,
猫她妈,50,非常棒的地方，巧克力工厂很大，小朋友玩的地方也好多，绿化特别好（可能是郊区的原因）,2017-11-14 10:55,
花千骨_7202,50,小宝们玩的超级开心.吃了一天各种巧克力.里面还有儿童乐园，蹦蹦床好开心.里面还有餐厅可以用餐味道也还不错.,2017-11-12 21:29,
summerrrr00,50,幼儿园秋游的地点，上海过来一个半小时左右，先去做了DIY巧克力，因为要等40分钟才可以拿到，所以可以去坐坐小火车，十多分钟的路程，带你小镇兜一圈，有花海很漂亮！还有一个巧克力工厂，可以看到巧克力的制作过程，还可以免费品尝各种巧克力，整个工厂都飘着巧克力的香味～孩子们都很开心～ ,2017-10-30 20:51,
银鲤鱼,50,挺好玩的，了解做巧克力过程，还能品尝。,2017-10-23 07:11,
netware,30,设施一般，小火车1个小时一次，人太多，导致很多人根本没能坐上，旅游团也很多，导致群魔乱舞，原价票的话完全就没有性价比。,2017-10-22 14:24,
暴走的杉菜,50,特别美丽的地方很适合文艺小清新来玩 好多人都预约了拍婚纱照 这里有点欧洲的味道 我很喜欢 希望以后可以有机会来这里拍婚纱 当然这里的重头戏就是巧克力制作了 歌斐颂是个本土自制的品牌 东西还是不错的 推荐给大家吃哦！不过吃多了有点腻～😎😎😎 ,2017-10-21 19:36,
dpuser_71176713224,50,好玩，小孩都很喜欢！希望越办越好,2017-10-16 22:25,
cherry777777,50,风景很不错，我们来的比较早，人不多，带着毛毛雨我们一路走到了小镇门口，第一站就是坐小火车，雨中火车别有一番风味，小朋友一路还满激动的，不停的拍啊拍啊，接着我们就参观了巧克力的制作过程，边吃边看小朋友们都很有兴趣。 ,2017-10-11 11:33,
vivi072,50,味道还可以！太偏了地方！东西小贵！,2017-10-11 11:03,
dpuser_9951623497,30,门口有大片花海，还有小火车🚉可以玩，空气特别清新，很舒适，内部环境比较温馨，孩子可以一路吃，一路玩，还能亲子制作巧克力，玩的特别高兴，但内庭的用餐会很贵，比如一个普通的炒饭要38元，大家可以自带食品， ,2017-10-11 11:05,
Charlotte夏夏夏,50,秋游来的地方～制作巧克力的地方走进去就扑面而来的香味～～～,2017-10-11 11:00,
wangaixin998,50,好评，挺好玩的小镇，下次还会去！,2017-10-09 13:28,
萝萝卜子～,50,高速下来导航就能找到，但是没有大型停车场，车子依次停在路边。园区地方不算太大，但也够玩上半天，凭门票能做一次观光小火车。基础设施很健全也很安静，服务人员态度也很好。园区内有餐厅，价格和口味也还不错。,2017-10-09 11:00,
jacechen1980,40,天气不错，跟着少年宫组团来游玩，对于宝宝来说这真是个天堂👍，里面有巧克力品尝包括成品和液态，味道不错哒，就是太甜，吃不多。有介绍巧克力制作流程，蛮长知识的。宝宝最喜欢的莫过于室内和室外的游乐场啦😄，大型充气堡玩嗨了，不肯走了😁值得一游。最后还送了自制的巧克力，手工哒开心开心，还有小火车座 ,2017-10-07 20:26,
yinpingyixue,50,有吃有玩，小朋友非常开心，还有小丑做气球，就是去的时候下雨，所以都在室内活动人好多，吃饭等了半个小时才有位子，打算春天再去一次，期待那里的花海,2017-10-06 19:44,
麦兜鲁鲁猪,50,风景不错 地方也大 正逢小丑节 小朋友又多了新乐趣 午餐美味 DIY有劲 巧克力也很醇厚 小火车是小孩子们的心头好 沿途看风景,2017-10-06 13:28,
吃饱还能再吃两口,30,虽然叫小镇但是真的不大，也就是一片草地加一片小花圃加一栋房子…小火车绕园一周也就五分钟DIY做巧克力的过程也就10分钟，材料简陋，售价50元，教得非常马虎，完全靠家长在弄。只能说，孩子们开心就好……吃饭都是套餐，188的和258的，披萨可以，其他全部雷区……巧克力工厂可以免费品尝12道巧克力，但是后面紧接着就是一个售卖刚才品尝的12种巧克力的小商店……你说你带着孩子品尝完，不买巧克力，你能走得出去这个门吗？在孩子们此起彼伏的我要我要声中，家长们乖乖掏腰包……引起我注意的是，其中一道辣味巧克力味道极为有趣，入口是巧克力，嚼了几下辣味噌的就冒出来了，火辣火辣的，不喝水的话，这辣味可以持续很久。实在太有趣了！小商店里也有卖，我真的很想买！但还是忍住了😎 ,2017-10-05 12:59,
我为风狂,40,景观太少了，可以用心再多搞几个景点,2017-09-30 08:49,
馋小猫走天下,30,照片比现场看漂亮。感觉门票偏贵。门票70元每人，孩子超过一米二另外收费。门票含一次小火车的费用。感觉还是蛮贵的，里面与巧克力相关的消费的地方不少。,2017-09-07 09:45,
桃小眠,50,今年春天和家人一起来过，刚走进去有一条路，两边开满鲜花，很美，可以拍照。进去里面后可以参观巧克力制作，还可以品尝巧克力棒，是流水线参观。小侄女还可以制作巧克力，自己带回家，五年之后会发一个手环给你，过15分钟可以认领。很适合亲子活动。外面还有小火车环院～ ,2017-08-31 09:44,
DPDaZHDianP,50,这周六带着小朋友一起去的，地方比较偏，但是挺大的，基本都是带着小朋友去玩的。环境很不错，停车场进去就是一大片的花，很漂亮，小朋友特喜欢。进了检票口就有小火车坐，围着小镇绕一圈。室外有个儿童乐园，还有个充气堡，够小朋友们玩很久。里面有个巧克力工厂，每半小时开放一次，可以进去参观一下，了解一下巧克力的发展历程，还有免费巧克力吃。行政楼还有DIY蛋糕、巧克力，我们小孩比较小，工作人员建议选择巧克力，小朋友可以自己动手做一份巧克力，临走时可以带走。在二楼还有个室内儿童乐园，比较适合小小孩，里面可以玩很久，不过4:30就关门了底楼食堂的午餐很好吃，有意面、披萨、咖喱饭等，味道着实不错周末带娃在这混一天还是不错的，期待下次再来这地方拍婚纱照也不错😊 ,2017-08-28 15:48,
糖炒栗子47,40,环境挺好的，地方挺大的，上海过去开车只要30-40分钟，挺近的，唯一遗憾的是去的时候正好下了场暴雨🌩 小镇路上有点积水， 电被雷劈了，全镇停电。不能亲手做巧克力，只能坐坐小火车看看风景，参观巧克力工厂需要手机开着手电筒不然太黑，里面有免费试吃各种口味巧克力🍫，挺好吃的，需要带瓶水不然太甜了。可以带小朋友来玩，室内外都有儿童乐园。 ,2017-08-20 17:16,
kimi明珠,50,挺好玩的下次 下次有机会还会去玩玩,2017-08-19 17:35,
daisy_592142,50,孩子很是喜欢，除了吃巧克力，大概就是环境真的不错了,2017-08-17 12:40,
木糖醇zzzz,50,不错，孩子春游去的，孩子很喜欢，里面还有免费的滑滑梯之类的,2017-08-12 12:31,
dpuser_66277577047,40,风景很好还可以免费坐小火车，最主要还能DIY做巧克力，做完还能带走，小朋友非常喜欢，适合小朋友来玩！,2017-08-08 09:27,
瑛子_9273,50,宝贝今年春游去的，学校包车过去，网上团购的票价比春游的票价实惠些。上海开过去1个多小时，外景有小火车不限次数免费乘坐，春天有薰衣草，油菜花，热气球，大风车，马车。有室内儿童乐园，巧克力DIY，宝贝自己动手做了巧克力（最后一张照片），很漂亮。有免费试吃馆，可以观看巧克力的制作，免费品尝几十种巧克力，不限量的噢😊另有免费巧克力喷泉手指饼干。楼下有伴手礼的超市，东西也都不贵。休息大厅有儿童乐园，和餐厅，以西餐为主，量挺足，价格和必胜客比不多 ,2017-07-10 14:09,
crystaljjj2012,50,还不错，就是入口太隐秘，找了好久！,2017-07-09 12:30,
jxpmm,50,带幼儿园小朋友春游来的，风景很美。孩子们都很开心，做的巧克力也很成功。,2017-07-05 18:43,
dpuser_6396982101,40,非周末人不多的时候来玩还是不错的，环境漂亮，可以了解巧克力的制作过程，还可以品尝各种口味的巧克力，孩子玩的很开心,2017-07-03 14:19,
莉莉_leigh,40,幼儿园举办的春游活动，里面还有DIY自制巧克力，家长们可以带着自己的孩子一起来,2017-06-18 13:16,
嗨咪qi,50,幼儿园举办的一次亲子活动！大小朋友兴高采烈的一起乘大巴来到歌斐颂巧克力小镇！来的做巧克力的房间，桌上已经摆好各种模具，根据专人指导，小朋友们一步一步跟着指挥直到完成自己的作品！小镇里还有幢楼能看到工作人员生产巧克力的过程，还放了各种口味的巧克力试吃，注意其中还有款是辣的哟！最欣喜的就是小镇里的小火车了，能绕着小镇兜一圈，沿路欣赏风景，相信这也是大多数小朋友的最爱了！ ,2017-06-15 17:12,
巴啦啦小魔仙魔仙小蓝,50,春节度假选择了歌斐颂巧克力小镇DIY烘焙巧克力，门票分二种参观票和DIY票，网上订票有优惠，选择了DIY票，里面有有奖互动环节，答对题目有精美小礼品一份，可以免费品尝各种巧克力，有硬的巧克力，也有手工抹茶软巧克力。 ,2017-06-13 13:49,
春夏秋冬，吃喝玩乐,40,第一次去歌斐颂感觉很新奇，可以坐着小火车绕一圈，可以看到工厂大楼，大片的种植的花，好美呢，进入里面参观可以看到各种的巧克力，还有免费品尝的，感觉棒极了，里面还有diy手工制作的房间，自己动手做，感觉棒棒哒👍👍 ,2017-06-12 20:58,
epiphany,30,去年秋游的地方，还算可以，但是也是走过场。拍婚纱的不少，其他都是各地学校组织的春游秋游。没看到什么游人，比较冷清。当天疯机都冻来不了机了。园区介绍巧克力知识的不算多，互动较少。参观流水线也是走过场，没有机械自动惊为天人的魅力。和岛国类似的工厂店不能比。唯一小朋友比较喜欢的也只有品尝巧克力和乘坐小火车了。风车之类景观也略显陈旧。 ,2017-06-11 21:01,
pantheonfy,40,讲真的，如果就巧克力打分，3星最多了，之所以给4星还是因为它这里也算是亲子游地方。有小火车，亲子乐园还是挺不错的。他虽是一个巧克力制作中心，有不少巧克力可以体验，比如让孩子拿个饼干棍沾巧克力酱还是挺好玩的，但是味道，软硬，甜味搭配和一线大牌还是差距明显，国货当自强，努力吧。 ,2017-06-07 19:33,
悠哈悠哈好吃就说喔,40,3月份的时候，女儿幼儿园组织春游来的，入门的地方环境不错，绿化植被很美，另外绕园的小火车很吸引小朋友。 先是小朋友自己手工DIY巧克力，小朋友玩的很开心，旁边有洗手的水池，比较卫生。 然后是参观巧克力制作流水线，里面还有不少试吃，如果不怕上火和便秘的话，大家可以大快朵颐一次。 现在的商家真是无比聪明，参观出口就是商店，无数的巧克力啊，基本上都是大包小包出去的，价格还算是公道。坐小火车环游乐园一圈应该是小朋友最开心的时候了，那个时候开满了紫色和黄色的话，因为没有闻到香味道，所以不确定是薰衣草，不过还是很美，有不少新人去那里拍婚纱照。周边的环境不错，如果是自己来的话，也可以在附近逛一下，其实在乐园里面拍照的地方不少，不过我们春游的时间很赶，逛的很匆忙。 ,2017-06-07 18:59,
buzuonodie,40,位置：嘉善县大云镇巧克力大道九号，位置感觉有些远。过去不太方便。环境：这边感觉环境不错。味道：这边巧克力可以免费品尝，一开始觉得很好吃，可是后来越吃就觉得越甜。本宝宝不太喜欢吃甜的东西，还可以买一些巧克力送亲朋好友。总体：下次有机会在来，不过我觉得应该是很久以后了，主要我觉得这边来一趟真的是不太方便。 ,2017-06-06 20:57,
榴莲丁丁,30,公司搞活动一起去的，就是很大一个庄园一样，外面种了油菜花，薰衣草，做了些小朋友喜欢的小游乐项目。里面是巧克力工厂和卖巧克力的商店，估计小朋友会比较喜欢，大人过去完全无感，和国外的吉百利工厂差远了，巧克力的味道也一般，不推荐。 ,2017-05-17 11:18,
冰凌雪孑,10,真心觉得不怎么样，公园没什么亮点，门票加DIY100一个人有点太贵了，去能源工厂试吃一路有工作人员盯着，深怕你多吃。DIY和其他活动都有时间规定，你哪怕超过一两分钟她也不会让你进去，坚持让你在门口等上一个小时。看着DIY室里面空空的真不知道为什么我要白白浪费这一个小时，反正下次是肯定不会再去了 ,2017-05-10 10:47,
小奥利的妈妈,50,很适合带小朋友来，🈶️室内和室外的海洋球池，小火车，内部参观可以免费试吃巧克力，室外有沙滩，薰衣草，春天拍照很漂亮,2017-04-30 09:03,
orange=^_^=橙,40,第一次来到巧克力小镇，远离城市，小镇环境还是很优美，清静，空气清新，有种别样的感觉，在小镇外面兜兜转转，真是选到了拍照的好地方，看到很多小朋友都亲自参与了自己动手做巧克力，一次很好的体验，我们参观了巧克力厂，可以学习到很多，品尝了各种口味的巧克力，一次难忘的小旅行！ ,2017-04-30 07:27,
葱花宝,40,4月初的天还有点微冷，太阳照着暖暖的，这里适合带着孩子或者情侣11:30到达正好一个午饭时间，就一家意式餐厅，还以为人不会很多结果好多好多，不但要排队连等吃都要半小时+小火车一小时一班坐着看风景吹着微风很是舒畅，里面偏向欧式建筑，有很多人在那拍婚纱照，一大片不知薰衣草还是马鞭草的紫色一片很是好看，还有那一抹黄的油菜花也很抢眼可惜忘拍，真是满园春色关不住。里面还有个人工沙滩，小孩子很爱玩这么冷的天忘我的玩着沙子和水。最后去diy了巧克力，凭自己想象全程都是小朋友自己动手忘拍了成品图很赞。最后买了点巧克力回家，小朋友还是蛮喜欢的。 ,2017-04-29 20:53,
zuiaileehom,50,幼儿园春游～估计平时也就拍拍婚纱照和学校春游会来了吧～,2017-04-29 10:21,
yimi201111,30,幼儿园的春游，时间确实安排不好，这里既然是个教育实验基地就应该对待这种团体参观很有经验，为什么还是一波一波的让人扎堆等，小火车倒是一直在开，因为人实在多，不是按照他排的时间开的，所以看到有消费者说等很长时间也不开确实觉得有点过分，毕竟里面也没什么可玩的。我们参观工厂也是走马观花，从进去到做好巧克力出来也就个把小时的事情，排队估计也排掉半小时了，玩也就半小时，孩子多他们图个新鲜，要不然真是没玩到什么。 ,2017-04-28 22:43,
KISSYXUE,30,幼儿园春游活动，家长陪同前往。坐落于嘉兴的亲子乐园，硬件设施不错，有欧式建筑，大草坪，环湖的轨道小火车，还有巧克力制作工厂，儿童游乐园。不过只有一个西餐厅，品种少又贵，需要自备干粮。巧克力制作算是最大的特色，可是却是最大的吐槽点，就是给你个模具，往里面倒巧克力酱。老师说话的感觉就像保健品传销员。说好做完一小时后可以凭号码牌去领，结果乱成一团，先做好的拿不到堵在前面，后面的一边吵一边就开始抢。最后拿到的都不是自己做的，小朋友开始哭鼻子，这种只管收钱不懂管理的游乐园真是要好好改进。 ,2017-04-28 15:09,
sammiza,10,真的是很失败的一次体验，种的花草稀稀拉拉，小火车一路风景很一般，参观巧克力工厂，解说员态度非常恶劣，对游客讲解时语气凶狠，做巧克力时的讲解员也是态度冷淡，说教程时口齿不清表达能力差，而且给我们的感觉他是老师我们这群家长是他的小学学生，真心想飙脏话，最后自己做的DIY巧克力等了许久也拿不到，工作人员告知的是被其他人抢光了……无语…去NM的D ,2017-04-27 10:55,
sasaki_kaeru,40,幼儿园春游景点，嘉兴工厂，和国外一样，开放成参观体验游区。。。其实不止一个今天这个简单的巧克力制作，其他的还有几种，看到另一个教室更专业，感觉团体游的那个反倒是另外劈出来的感觉？？？整个厂区环境不错～户外绿化和植被相当丰富，未进主园区，外面就可以看见很多园林护工和花农在修整。建筑风格也是欧式，还有一些风情建筑，和花圃，热气球，错落有致。搭配遍地鲜花～的确相当适合拍照，今天就不止看到3对在那里拍婚纱照～哦！还有两个湖，一个不大，另一个好像可以衍生出去的，都有小型游艇，有一对就在上面拍照的个人很喜欢的是从园区一直绕道外面的小火车，风和日丽，车道也蛮长～一路上每个景区和摆设都能看到～设计上确实很像国外此类厂+馆结合体～要是有个小山丘可能还要嗲～～参观厂区和流水操作，可可豆和巧克力相关知识介绍，还有品尝区～可以品尝到这里生产的所有口味巧克力，大概20来种，另外还有4种巧克力瀑布（用饼干棒沾着吃的），不过甜度。。。。真的太太过。。。。个人经验，原料，起码调配比例里面，糖真的太多了。。。。所以不能算是健康或者高档的品牌。。。尤其这个品牌的覆盖面和基本只是婚礼定制上好像更多来看。。。（员工导游的介绍是说中华区好多品牌的贴牌生产，包括各大超市品牌的生产都来自于它家。。。。不过未能确验证的。。。。）不过就价格来说，真的是相当便宜了～！！！完全的工厂价！！！最后买了个无蔗糖的100%可可脂的（这种我喜欢！！！）小盒和一本英国人写的巧克力知识书（这本倒是意外地相当有趣～～）还有一袋（很小）的可可豆（剥开可以直接吃），门口又体验了下10块钱抓一把的小游戏～慢慢地觉得还不错了～把我一开始（第一个体验时）的糟糕感受和心情都转变过来了～～地方确实不错，但是绝对不要跟团来，自己去逛逛～半天一定会更尽兴～～最后那个辣味巧克力（试吃里最后一个口味）一定要去试试～相当爽～！！！个人表示很能接收啊～～出的话应该会买～不过那个是不生产商品的，纯粹放最后一个隐藏版增加乐趣的感觉～（因为导游和员工都说最后一个不要吃噗～那偏要尝了呀～～）假如它不是这个层次的品牌的话，感觉可能自己会再去一次。。。。不过，眼下，虽然比较粗略型地过了，也算拔草了八～可以有4星～～ ,2017-04-25 23:16,
刀豆炒土豆1220,40,这里好像靠近嘉善这里了。先坐小火车参观，坐着观光车环游整个园区，环境优美。先进工厂参观，一道道工序流程，可可的采摘，每个人都可以免费品尝一下每个不同味道的巧克力，有个辣味巧克力记忆最深。还有每个小朋友都有机会亲自动手制作巧克力，这个环节真的很不错，制作完一个小时就可以领取自己做的巧克力了，孩子看着自己亲手制作的巧克力好开心好满足。 ,2017-04-17 10:02,
婧辰2宝,30,亲们去一定要买联票 门票+DIY 否则单买贵 比较*** 一开始不知道呀 还有网上团购 一定要注意时间 否则会被限制🚫不能使用 这纯碎是小朋友喜欢的 带她们来玩 我不高兴进去了 在外等着 朋友👬带着她们玩 非常感谢 里面活动还挺多的 可以玩上大半天～ ,2017-04-15 06:36,
安定晶生,50,比较良心的一处游玩场所了，春季去景色很漂亮，人也不像其他景区那么多，紫色的花海个金灿灿的油菜花交相呼应，美不胜收，！！！还有观光火车穿梭在花海之间，美丽的童话小镇一样。经典里面也不错，周末来还有娱乐活动，巧克力可以免费吃，来这里是个不错的选择。 ,2017-04-10 10:45,
老太婆心态好,40,歌斐颂巧克力小镇是可爱很甜蜜的小镇，适合拍各种写真。一幢幢欧式建筑充满着浪漫、清新的异国情调，让人身在国内却犹如游览于“异国他乡”。巧克力厨房除了制作手工巧克力、烘培以及巧克力西式甜品的区域。游客可以自由体验发挥想象，期间可随时邀专业的老师面对面的帮助、指导、传授制作的技巧和方式。还有私人订制，可以让游客定制专属于自己的巧克力（有巧克力大师制作）。当然，小小甜品师这个专门为孩子打造的儿童DIY区域，孩子们可以在父母的陪同和辅助下，利用模具制作卡通造型的巧克力，享受DIY的乐趣。属于蛮不错的工厂旅游，能观赏巧克力制作过程和工厂，园区面积挺大。生产线据说白天一直在启动，但由于材料都在机器内部，所以游客基本看不出是否在工作，只看到工人在包装，另有视频介绍。是国内首家集巧克力生产、研发、展示、体验、休闲度假于一体的巧克力工业旅游与主题乐园相结合的特色旅游产品。这个地方只适合带小孩纸去。 ,2017-04-07 20:53,
Sue小白,50,很好玩。适合亲子。最喜欢小火车，花海非常美，可以玩沙可以玩水，所以去的时候记得带挖沙工具。巧克力种类太多，记得别急着买。吃饭的话，还是觉得去吃中餐好，人少，好吃。,2017-04-03 22:36,
Hailinewang,20,幼儿园组织的春游，人数多，感觉园区工作人员就没有协调好，明明可以人流分开进行 就不用一直排队了，2颗星是给 我买的巧克力 为什么感觉少了一排 ，当时袋子装好也没打开检查,2017-03-27 18:07,
依咪李,50,风景很美，各种巧克力也很好吃，品尝了很多种新鲜的口味，其中辣味的巧克力非常特别。,2017-03-25 16:00,
馋喵咪宝宝,50,巧克力小镇，70一张门票，地方不是很大，室外花的环境很漂亮，里面巧克力雕塑不多，和上海的巧克力乐园有一定差距,2017-03-19 08:51,
ZAM~,50,学校组织的亲子春游，感觉非常的棒，这么远的路程，小朋友们每个人都是超级的好精神，一点没有累的感觉。到了巧克力小镇，大家更是兴奋。一路听从导游的带领，进去也很有次序，品尝了十几种巧克力，也看到了巧克力的制作过程。还有小火车，可以欣赏到美丽的花海风景，总之第一次来巧克力小镇的感觉非常好，特别适合孩子来体验！ ,2017-03-18 21:38,
pipi0523,40,带小朋友去挺不错的！就是里面设施还在完善中，几个坐标点，基本只有一个标志性建筑，没有娱乐性。巧克力工厂中可以品尝巧克力，还能和小朋友意思DIY巧克力。里面还设有儿童乐园，参观完后，小朋友可以疯一把。里面还设有餐厅，热巧克力有点甜！意面味道不错！ ,2017-03-06 22:06,
刚得得姐姐1122,40,一个巧克力工厂，沿着G60大云出口出来转个弯就到了。停车场比较远，沿着小路一路走进去，先去售票处兑换门票，一问小火车多久开，说是1小时一班，逢半点准时出发，立马检票进园坐上小火车，整个园区兜一圈12分钟，有码头，花园什么的。然后进入巧克力能源厂听解说员一路讲解如何生产的，只是流水线没有开，听说流水线一开就要生产一吨巧克力，之后进入巧克力市政大厅有个用巧克力做的模型申请了吉尼斯世界纪录。然后就是图片，可可豆的采摘加工等等。下楼就是巧克力售卖处（有点小贵）。12:30正好参加小小甜品师制作巧克力，选磨具，洗手，穿围裙，分发材料，动手完成。要等40分钟冷却后才能拿。二楼有个小儿童乐园，小朋友不多可以玩一会。 ,2017-02-25 20:17,
dpuser_4978050289,50,去过了 了解巧克力的生产过程 试吃 还亲手做了巧克力,2017-02-22 13:12,
永远有多远871105,10,过年期间去的，成人门票是70，个人感觉性价比极低。1.地方非常小，几步路就逛完了，冬天草木凋零，更是没老头，坐小火车是含在门票里的，但是一小时一班，还要排队等，坐满了就得再等一小时，以至于很多人没坐到。2.巧克力博物馆主要是参观巧克力生产过程，也是要等的，错过某一时间点，就要等很久，还限人数。在外面等的瑟瑟发抖。门口明确标示了参观时间，可工作人员还自说自话停了一次，理由是讲解人员不够了，可见内部管理非常混乱。3.除了小火车和所谓博物馆，其他也没什么了，另一栋楼都是销售巧克力的，还有DIY，当然，都是要另外收费的。总之，非常商业化，而且没什么看头，就弄点假的南瓜，锈掉的木马，褪色的风车，凑合出一个景点，推销他们家自制的巧克力，不能再***。 ,2017-02-20 13:25,
晴天雨下的向阳,30,听说老板在好时巧克力工厂待了五年回来开的，投资几个亿。但说实话差的太远了。工厂那一块就是一个机器架在那，连美光设施都懒得做，好时是做成童话世界样子的，比较有看头。服务员看起来像是临时工，也没有统一制服，说话也比较生硬。巧克力制作那儿卫生不够，制作者连手套口罩都不戴就抓东西往巧克力上撒。此外，手工巧克力的美观程度真的是需要提高。我比较期待这个小景点能够用心改进下，真正做到配得上“特色”两个字，把室外景点弄弄好，别就一大块草皮，种点花也行啊。大门那儿的路也该修修好了。 ,2017-02-08 21:25,
zhu朱1741,30,参观了解为主，没什么娱乐设施，只有小火车可以坐，不太划算，不过楼下的巧克力工厂店只要买任意产品。凭收银小票就可以在“抽奖箱”里抓一把巧克力，抓到多少算多少，手工巧克力制作人也不多，春暖花开时，这里拍婚纱照的特别多~ ,2017-02-04 13:49,
清爽-SH,30,跟团游的景点 冬天看还是比较萧条的 要花花草草都长出来才看上去更美更梦幻更适合婚庆啊！里面主要是参观巧克力的生产线（春节停工），然后免费试吃～ 巧克力味道蛮多的 巧克力液沾饼干条更好吃一点！庭院里可以乘小火车 还有一些雕塑可以拍拍照片！里面的巧克力不是很贵～太阳好的时候拍照还蛮美的！ ,2017-02-03 15:38,
minniexu,40,带着小娃去云澜湾温泉路过的！一个巧克力工厂建成的巧克力小镇！门票不便宜，环境尚可，还有一辆小火车可以坐！我们赶上了12点的工厂参观介绍，参观了流水线，知道了巧克力的前世今生……解说员还会提问赢奖励！最后还赶上了园区的小火车！ ,2017-02-02 14:52,
dpuser_55304477945,50,没去过，看着挺好的，电视上看到的,2017-01-25 21:14,
可以了吗31,50,去海宁顺便去玩的，网上团购55一个人，大众点评红包抵扣15，随门票赠送60元抵用券，在小镇里可以当钱用。先乘了小火车，大概12分钟。然后跟随讲解员在里面逛了一圈，看下巧克力的制作过程，宝宝年龄太小还听不大懂。但是巧克力喷泉很赞，工作人员态度也很好，还有各种巧克力试吃，其中还有一种辣巧克力，口味独特。楼下有DIY区，我们用送的券制作了2份不同的巧克力。值得一提的是，小镇里有好几个儿童乐园，很适合带宝宝去玩。 ,2017-01-23 20:32,
yogi1029,40,可以了解巧克力的整体生产流程，还有diy的环节，随便逛逛还是不错的,2017-01-16 17:50,
风依旧吹过。。。,40,【地理位置】歌斐颂巧克力小镇，位于嘉兴嘉善巧克力大道8号～【小镇荣誉】是由斯麦乐集团投资打造的省级重点项目～同时也是是国内首家集巧克力生产、研发、展示、体验、休闲度假于一体的巧克力工业旅游与主题乐园相结合的特色旅游产品。浙江大学也参与研发～【门票价格】小镇门票70元/人，儿童半价。【建筑风格】镇内多为欧式建筑，浪漫、清新的异国情调。【工厂参观】巧克力工厂参观算是小镇旅游的重头戏，可以看见歌斐颂巧克力工厂的众多先进设备，国际顶尖巧克力流水线，可以学习巧克力生产的神奇故事与流程。还可以免费试吃到工厂的各种美味的巧克力～😀😀😀【游戏部分】这里有儿童DIY制作区，可以亲子活动；还有大师手工制作表演。 ,2017-01-15 23:29,
抽虫,30,有点小，服务员态度不太好拿巧克力的时候，小朋友想多拿两块白的，还被他说了一下，收了门票又吃不了多少。完全不至于,2017-01-08 18:40,
王思聪的男人,40,开园有段时间了，一直想去都没空，选了个天气好的时候去的，团购的话要提前一天才可以，门票70元，还送一张买巧克力抵用券20块的，首先先参观了巧克力的加工车间，很大 包括一些巧克力的历史什么都的在墙上可以看到，还坐了小火车，坐了两次，全程12分钟，巧克力也可以DIY，整体还不错，就是实际玩的东西比较少，比较空！期待以后会更加完善吧！ ,2017-01-05 17:44,
忘记姓名的小唐僧,50,带孩子去玩的，小火车不错，就是没有托马斯小火车。说是活动结束了,2017-01-05 10:58,
凌雪无影,40,好好玩的乐园，本来是带小孩子去的，结果我自己也晚上了，感觉好赞的，这里的巧克力博物馆让你免费吃巧克力哦，里面有很多奇怪的巧克力，比如辣味巧克力，可乐巧克力等，之前还有个小火车活动，排队2小时，坐坐5分钟，小孩子却都很喜欢。 ,2016-12-31 23:29,
甜甜圈0oo,40,宝宝幼儿园来这里玩，还不错，有小火车坐,2016-12-31 18:04,
夕城文雪,40,之前看到有人发过这里 离上海不远 宁波回来路上会经过的 《歌斐颂》巧克力小镇 里面可以参观 可以拍照 可以买 也能听听故事 ！不赶时间的话过来看看蛮好的 ！然后消费 ➕十元能够 用手抓一把 哈哈 随便吃吃 味道中等 手大的划算 我手小 ,2016-12-30 11:42,
臻准amy,40,离开云澜湾不远处有个歌斐颂巧克力工厂店！周围比较偏僻，基本上都是自驾和幼儿园组织大部队来的！停车很方便，保安老热情的忘记网上提前买了，给员工价带我们进去给我们买票比原价便宜！地方很大但是还有待开发！这里没上海巧克力内容丰富，但是可以参观工厂制作巧克力整个过程！ ,2016-12-24 22:53,
幸福小女人_8040,10,总体服务员的素质太差，巧克力说试吃，看见人家吃多了就不高兴了，说话嘛又凶，各种找茬，也不是想象的这么好玩，反正不值这个价。,2016-12-24 12:33,
丁小稀,50,不知名的巧克力工厂，周围还在建设中，停车场到入口有点远。坐了托马斯小火车。一进工厂就被巧克力香气包围，免费品尝各种口味巧克力，虽然味道比较一般，不过一圈下来满饱的。还有好大一个儿童乐园，小朋友玩得很开心，爸妈可以歇会了。期待周边早日完善哦。 ,2016-12-17 22:32,
吉百丽1005,40,宝贝幼儿园组织去歌斐颂巧克力小镇秋游，不然根本不知道还有这么个地方，刚进园就坐了一圈观光小火车，儿子挺开心，然后就去DIY制作巧克力，娃们都很开心，制作原料最后都被吃光了！制作完后，还去参观了巧克力工厂，里面可以免费试吃很多口味的巧克力，儿子直接吃到不想吃了😄 ,2016-12-10 07:37,
小小蝌蚪,40,是个小朋友玩的地方，参观巧克力的生产过程，免费品尝不同味道的巧克力。当然它还有就是可以办婚礼，拍照的环境蛮好的。,2016-12-03 23:28,
唐里个唐,30,给个三星吧！上海也有巧克力乐园的，还没去过。但是看规模肯定比这里的大。这里是幼儿园组织郊游的其中一个景点，门票不便宜，小孩子不到身高是可以免票的，估计幼儿园都是统一收费了吧，否则统计起来麻烦。去的时候是大晴天。上海过去也挺快的。那里的人好多啊，都是各个幼儿园组织过来郊游的，晴天小火车开了，不过因为人多排队排了好久，坐就坐了一会会。整个巧克力工厂真心是不大，因为幼儿园组织，都是有时间硬性规定的，没有去买食堂的吃的，也没有去乐园玩。估计门票贵，是因为里面的各种巧克力可以试吃的原因，对于对巧克力无爱的我，基本没有什么性价比了。孩子是玩的挺开心的，有同学一起，有巧克力做，还有巧克力吃。 ,2016-11-23 17:16,
Yoyo的快乐,40,一般般吧！巧克力制作过程看过了 看上去不是很专业 巧克力到挺好吃的 价位也适中,2016-11-20 18:14,
图图HH,30,公司慈善团建在这边 带对口的平湖小学小朋友参加活动 离上海倒不是很远 一个多小时园区非常小 外部大概半小时就能玩一圈 但还算清静 人不是很多 拍婚纱照的好几对个人很喜欢巧克力工厂 非常有趣 有点像查理与巧克力工厂 小朋友应该很喜欢 这个部分还是比较高端的其他的区域都是low low的 餐厅选择性也不多 而且食物非常粗糙哈哈 意面 汉堡都不好吃内~~~~ 去过一次就不会去第二次啦~~~~~~ ,2016-11-14 17:51,
木易捌月,40,幼儿园秋游去的，挺远的 过去要一个多小时，里面地方不大，基本都是幼儿园带来的，其实拍拍照片应该还是很不错的，人太集中了给幼儿园给的时间也不够，都是走马观花的看看，巧克力工厂可以看看巧克力的加工过程，还有亲子巧克力diy，适合幼儿园大班的孩子 旁边就是枫泾古镇 开车过去30分左右，可以一起游玩。 ,2016-11-12 19:21,
炒鸡小泡泡,10,又是一处圈块地收门票的景点，在一个鸟不拉***的荒地上，全是人造点，都没弄完就开始运营接游客了，成人70元一票，儿童票35，不足1米1的免票，还好是团体免费来的，不然买票真是太坑，楼周围的田地才刚开，未来要是一大片的花田应该还有点小美的，这么大块地方能逛能参观的就巧克力原料厂，就上午那会儿人多排队，进去后乱的不得了，全乱在巧克力喷泉那里一直不动，都是没吃过巧克力嘛，现场的工作人员尤其差评，一点都没培训过嘛，跟路边大妈一样对着游客烦躁的一通乱喊！后面就是制作流程参观一盆盆各种巧克力品尝，完了下楼就各种卖东西的，就结束了。 门票收30都嫌多 ,2016-11-06 更新于2016-11-08 06:31,
小鹿是吃货,40,上海过去1.5小时就到了，位子比较偏，车子行径在乡间小道了，旁边都是农田，到了小镇才发现别有洞天说是小镇，其实就是几栋欧式建筑的房子，配上花田，小的欧式拍摄景点，小镇里有个小火车可以逛逛买的门票里可以参观巧克力工厂，看巧克力怎么制作出来的，顺便可以一路吃过去，居然还有个辣味巧克力。里面有个儿童制作巧克力得地方，做法很简单，但是要等，等的时候可以在儿童乐园玩一会儿。当然里面也有出售巧克力的，试吃的那种也有，要15元一两外围有大草坪，可以搞搞团建之类的，也可以亲子活动吃饭点披萨屋就会人满为患了，建议自己带些吃的，或到工厂后面的中餐厅吃饭 ,2016-11-06 20:15,
mchotdog007,50,儿子秋游去的，去的时候有好多幼儿园的小朋友都在里面进行秋游活动，质量谈不上，走马观花，儿子开心就好，有机会可以自驾带宝宝去玩…,2016-11-03 23:03,
shirley8803,40,宝贝幼儿园秋游，选择了嘉善的歌斐颂巧克力小镇。一大早从上海出发，旅程约2小时，感觉稍微远了点，不过，孩子们都很开心。到达目的地后，每位小朋友由一位家长陪同完成巧克力制作，然后参观巧克力工厂，看巧克力是如何制作，参观途中还可以品尝巧克力酱和坚果类食物。最后坐了环镇小火车，就是有点冷。不过，宝贝还是很嗨皮！ ,2016-10-28 18:41,
跪喊爸爸,50,好吃好玩便宜实惠秋高气爽周末休息随便玩玩虽然我在园里面算去玩的当中年纪很大的了and好多设施还没建好但是现有设施也已经够玩一下午了,2016-10-27 23:29,
xys11lxy,40,因为当天下雨的原因，外面都没法出去，参观了里面的巧克力工厂，品尝了巧克力。巧克力挺美味的，吃多了有点腻，哈哈。制作了巧克力，就是把巧克力浆倒进模具里冷却就OK了。坐了参观的小火车，风景还可以，可惜下雨。然后就结束了。 ,2016-10-22 18:45,
古雅典_8962,50,幼儿园组织秋游，虽然外面下大雨但是心情还是不错的！小镇里面的环节和元祖差不多，但是最主要的是室外，还有小火车坐！,2016-10-22 08:49,
咪咪的点心,40,这里的巧克力乐园以展览展示为主，进入乐园，通过二楼，就是一些巧克力知识的介绍，例如巧克力的成分，有很多巧克力豆装在篮子里，小朋友很喜欢，可以摸摸、闻闻。然后通过走廊，透过玻璃，可以看到一楼巧克力生产的流水线，旁边还有试吃的活动。再往前，就是成品巧克力的出炉，各种造型，可以购买。带小朋友参观还是很不错的。 ,2016-10-19 22:13,
helen成,40,幼儿园组织带孩子才去的，总体很吸引孩子，无论是外观还是内部的巧克力制作和参观，不过跟着组织一起走马观花，内部可看性少了点，巧克力试吃也就稍微尝试了一下没什么特别大的意思。倒是孩子对儿童乐园，大厅内外的滑滑梯玩得起劲，室外也有充气堡和小火车可以玩。其余都是些小场景，拍拍照片还行，感觉都特适合拍婚庆，就是花圃里的花稀稀拉拉还有很多区域没种植好。挺适合孩子们学校活动，但对陪同的家长来说票价偏贵了。 ,2016-10-13 00:33,
群魔乱舞南瓜,40,十一去人还是蛮多的，大都是带着娃的家庭。小火车队伍排的比较长，到了下午尤其多人。参观了巧克力的生产过程可以免费品尝巧克力，饼干沾巧克力酱味道还是可以的，也可以在工厂店购买。游乐场可以免费玩耍还不错。餐厅比较贵，而且很多地方没有完全开发，感觉开发的估计才1/2，所以如果直接全价购票的话性价比不高，有待发展。 ,2016-10-10 22:03,
夏霜霜,40,和上海的巧克力工厂相比，这家里面的场馆和体验活动还不够多，但是体验活动感觉还是不错的，可以自己动手做做巧克力，一种是简单的用模具的，另一种是自己在巧克力浆上绘图，自己的发挥性更大，除此之外，还能免费品尝各种巧克力，最喜欢75%黑巧的。巧克力喷泉也非常好，用手指饼干蘸一下，每种感觉都不错。 ,2016-09-29 19:52,
苇麦子,30,还没去先收藏，应该不错虽然不喜欢吃巧克力但见识一下，听说有很多美景可看，翘首以待。,2016-09-28 21:16,
gym0706,40,门票70元，送20元巧克力，环境很美，带小孩来玩更好。,2016-09-17 23:31,
yulmom,40,带着4岁的孩子去刚刚合适。里面还算干净价格合理，还有带小的游乐园。整体算满意的,2016-09-16 22:23,
加油吧少女～,40,挺有意思的巧克力工厂，了解一些巧克力发源和生产的知识，也可以自己DIY。只是里面的餐厅味道一般，意面不太好吃，印尼炒饭还阔以。有些项目还没建好，不过环境不错～,2016-08-13 19:01,
vicky1025,30,去嘉兴玩水上乐园，第二天本想来玩个一两小时就回家吃午饭，没想到小朋友居然在里面泡了一整天。。。巧克力工厂和上海的巧克力乐园有点类似，但是可参与项目偏少，一共就三四项，价格不便宜。不过里面有好多试吃，光巧克力和饼干就够填饱肚子了，后来到两三点才去餐厅点了披萨吃。总体来说，这个地方玩一次也就差不多了 ,2016-08-10 12:43,
阿寒寒,50,挺不错的地方，5星也许有点偏高，不过看在地方干净，员工亲切，还白吃了好多巧克力，加分！呵呵。地方不大不小，基本全室内，夏天很舒服，不过停车场走去要晒点路。diy了巧克力，回家儿子很宝贝，不肯让给妹妹吃，哈！ ,2016-08-08 20:25,
ask依依,50,风景不错，巧克力非常的香浓，不错啊,2016-07-28 16:12,
YUBEIALICE,50,七个家庭一起订了大巴士去的，本来去过上海的类似的巧克力工厂，孩子们当时去觉得没啥兴趣，但这次去非常棒。首先里面的巧克力不是太多，但一进去就有提供细长的饼干直接可以蘸黑巧克力或白巧克力瀑布食用。这个很有新意，还就是虽然巧克力不多，但多吃也会腻。让人惊喜的是有个儿童乐园，类似卡通尼乐园，吃好巧克力，孩子们在里面尽情的玩上一个小时，然后去后面的食堂吃饭，小孩子玩得开心，一口气吃了两碗饭。下次有机会还要来。 ,2016-07-04 15:22,
秋q酱,40,如果能够慢慢看，可以对巧克力的历史和发展有个很好的了解。但是过于商业化。有可供休息的游乐场专为小朋友设置。提供了一次制作巧克力的体验，虽然很简单，但是做出来效果还不错。被小朋友当做给朋友们的手信带回了家。 ,2016-05-29 14:12,
lhy197859,40,前一天买的票，大人36，小孩30，里面场地很大，有巧克力生产介绍，增长知识。最受欢迎的当属巧克力试吃，很过瘾，去的时候人很少，只要你吃得下，随便哦，不过太甜太腻了，不会吃太多，个人喜欢偏苦口味的，也是是可可含量高些的。里面有个小型淘淘乐，下面是巧克力卖场，也不贵，可以适当选购。室外有个大公园，里面玩玩也不错 ,2016-05-17 19:24,
任性的咪兔,40,啃爹的，里面其实diy巧克力小朋友喜欢，其他的也差不多啦。东西也贵,2016-05-15 06:20,
bluecj吉,30,带学员来这里游玩，在浙江嘉善县，外面有点像是欧式建筑，拍拍照片，凹凹造型还可以，还看到有些拍婚纱照的。镇上有个巧克力工厂，里面陈设了做巧克力的流水线，外面参观的走廊上也有做巧克力的原料和成品摆放着，让参观的游客品尝。还有个让游客买巧克力的超市。个人觉得这个小镇纯粹是个让人购买某品牌巧克力的地方，不是很推荐。 ,2016-05-11 13:06,
icequeencrystal,10,极差，人多空调不足，没有任何乐趣。围裙乱放，完全脏乱差。巧克力，员工都是直接拿手拿的。手上一会儿就融化了。没有一点意思。,2016-05-01 14:58,
草堆里的云朵,40,挺不错的地方，小朋友可以参观工厂，可以长知识，还可以做巧克力。做巧克力50元/位，门票70元/位，送20元抵用券，买巧克力的时候可以用，儿童超过1米1了也要门票，35元/位。室外环境不错的，花花草草，还有儿童滑滑梯 ,2016-04-10 08:49,
我爱你的是你爱我coco,30,我觉得没什么意思，不过巧克力蛮好吃的,2016-03-23 11:28,
兔兔子衿,40,跟小伙伴来了个短途旅行啊，从杭州跑过来玩的。感觉这个地方还是蛮大的就是玩的不多吧，我是感觉相对无聊了点，不过带小朋友过来玩的东西还是挺多的，只能说大人来没啥好玩的，另外里面有摄影基地吧感觉拍婚纱的啊拍照的啊好多。里面有卖他家巧克力的，然后还可以自己做，去体验了一下感觉也就是把化了的巧克力倒进磨具里，然后撒点配料，还是觉得适合孩纸来玩。 ,2015-11-25 10:41,
二师兄吃行天下,30,偶然机会被过去看看，好象是新开的吧，位置不算远，自己开车从市区过去也就二十分钟左右。地方挺大的，工作人员很热情的介绍，正好遇到一些带着小朋友的父母在草地上搞什么活动。重点放巧克力上～门口进去楼里，工作人员给展示了可可啦～巧克力的种类啦什么的，还有试吃哦～吃货扛不住啊！！买买买！自己可以DIY的～各种选择，我们是没那个耐心，就直接买现成的啦。黑巧克力很纯，比一些大牌子都纯！推荐白的我没吃，同伴说比较偏甜，女生估计会喜欢。种类太多，还有礼包各种可以选择。 ,2015-10-25 16:31,
Castle2017,50,不知道为什么有两个名字 又是斯麦乐又是歌菲颂的 从杭州开车导航过去不难找 停车很方便 网上找了特惠票周末过去玩 在服务大厅验码然后走到巧克力工厂这边检票进入 先参观工厂可惜当时没操作 只看到设备和墙上的制作过程介绍 中间可以试吃几种巧克力 用手指饼干蘸着吃 才发现原来热的白巧克力这么好吃然后按照路线引导 到了一个影音室 视频介绍这个巧克力的创办理念 进来之前每个人可以领取一块巧克力 黑白相间带果仁的 说实话味道真是不错 也不是特别甜腻的那种 这边有好几个diy教室 可以自己做巧克力或者饼干 费用都不太贵 也可以直接购买一楼还有个工厂店 销售各种精美包装的巧克力 看起来很适合做婚礼喜糖哦 还有很多儿童设施滑梯 积木区 脑电波赛车 户外草地很宽阔 风景很好 有个欧式的蓝色房子很漂亮 还有个很迷你的教堂建筑 有很多摄影道具 应该是摄影机构的外景地 好些人在拍婚纱照写真 夏天外面太晒了 很多游乐项目都关闭了 有点遗憾 不过总的来说还不错的 ,2015-09-02 12:47,
小小球童,30,巧克力乐园适合学龄前的宝宝玩，两层楼，团购优惠和买原价票送20元券没什么区别，需要指出的是这里工作人员服务态度不是很好，前台换票时我们碰到问题，这小姐不热情跟你解释还差点发生争执，哎……这样的窗口服务希望再多培训培训！而且超市购物的管理不好，买东西总有人在你后面看着你，这样的消费环境太让人失望。唯独觉得乐园整个拍照环境还算可以的。 ,2015-08-09 06:06,
熊大熊二喜羊羊,50,因大众点评的摄影商户邀请去参加的，以前不知道，原来就在上海旁边的嘉善，巧克力园是个巧克力的工厂，占地非常大，环境很好，感觉进入童话里的巧克力世界，一望无际的绿色草坪，各种种植的果树，草地旁边都插着彩色风车，风吹过来像层层的彩虹，老板自己就是一个喜欢巧克力的人，所以建设了这个工厂，把四楼以上做成摄影基地，可以拍diy的情景婚纱，加上外面的好环境，很多家摄影店和他们合作哦。导游带我们参观了工厂，见证了巧克力的历史和发展，整个巧克力的制造过程都是用的世界上高级的机器，所以成品品质很高，各种味道的，楼下有展示区，可以买回去给朋友们品尝，包装都很精美的。旁边还有给小盆友们做巧克力手工的地方，以后可以带宝宝去玩。巧克力品牌：歌斐颂 ,2015-05-18 22:39,
蓓儿宝蓓,50,不错啊、带孩子去玩，孩子玩的很开心呢！说下次还要去！因为里面有巧克力吃,2015-03-23 16:29,
小太阳vivi,50,孩子大人都玩的开心。学到了巧克力的知识。还动手做了巧克力。另外，这里超市买的巧克力很好吃啊。,2015-03-22 09:42,
xiaotingzi,30,进去以后先上楼看流水线，因为周日流水线关着。在流水线旁边有4个巧克力塔，可惜只有一个白巧克力塔开着，可以拿手指饼干蘸一点品尝。我给女儿蘸了2块，那个工作人员态度极差。 然后就是橱窗展示巧克力豆从种植到生产的过程和历史，不要说女儿了，连我都没兴趣看，老公搞食品的看的倒是很认真。从认识巧克力豆开始，这一部分还是很有意思的，巧克力树→巧克力豆→巧克力油脂，然后就有了巧克力。最后是看个小电影，看了2分钟，讲的是这家企业如何诞生的。看完电影后，是定制私人巧克力的橱窗，50块钱做一块，由里面的工作人员制作。最后是试吃巧克力的地方，一共五种口味，鉴于前面一位工作人员的恶劣态度，这里我也没多逗留，直接在楼下买了这五种巧克力。下到一楼，有卖品部，自制巧克力部和西餐厅，当然都是要另外付费的。70元的门票，含有20元抵扣券，可以在卖品部购买巧克力。说实话，真心不值。一半价格还差不多。还好室外有个滑滑梯，女儿看厌了橱窗说明，小腿飞快的往滑滑梯跑去，总算有得玩了。去之前我跟她说，我们去巧克力乐园，你可以吃到各种巧克力。总算吃到了，不过都是老娘自己出钱买的。。。。。 ,2015-02-16 16:33,
7879和04……,50,元旦逃离魔都来到这家巧克力公园，意想不到嘉善也有如此可爱的儿童乐园。有可爱的免费导游姐姐陪同，可以参观生产线.免费品尝巧克力.了解巧克力的前世今生……小朋友自己手动做巧克力.还可以买回家。遇到元旦特价三天打七折，价格实惠。 ,2015-01-01 10:25,
vv25059482,40,还没完全开出来，就一些机器参观一下，看点短片，和一些展示，再有就是试吃,2014-12-31 16:18,
非晓_1948,40,很多地方还在施工 品尝了好多种口味的巧克力 最后买了几种爱吃的 生巧40一盒还可以吧 孩子有机会亲手做一份自己喜欢的造型巧克力并且把它带回家吃,2017-10-23 06:02,
LiLy_913871,50,已经来了两次了，环境不错👍孩子喜欢！是全家出游的好地方！风景秀丽风光宜人！里面的巧克力也非常好吃！可以任意吃，味道不错哦！还可以自己做巧克力，可以带回家和家人一起分享，真的很不错哦！有机会再来一次哦！ ,2017-10-11 11:01,
八月与未央,40,偶在朋友圈看到的一处景点，觉得不错，五一期间带着妞过来玩耍。上海过来不塞车的话开车一个多小时，路程还OK。有免费停车场，五一人多，就只能停靠在地面还没处理好的地方了。😔快到的时候路上有多处指示牌，还挺人性化的，看到周围还有其他景点，下次时间宽裕可以过来玩个两天一晚。小镇提供中式简餐和西餐。相比用餐环境，前者更好些，味道和价格都能让人接受。门票是提前网上买的，比较下来，美团最实惠，两大一小160元。到服务处换纸质票，还挺方便的。门票包括三个项目，能源工厂参观和二选一DIY，还有小火车🚂搭乘。个人觉得性价比很不错了！能源工厂除了参观流水线和设备，还有几种口味的巧克力试吃。无论年纪长幼，大家都挺enjoy的😊。DIY项目有小小甜品师和厨房DIY，孩子选了前者，在一个大教室里，几十组家庭在老师指挥下做出斑斓五彩的巧克力作品。因为要冷冻，所以过一小时才能拿。趁着这个空挡，孩子去玩了海洋球（户外免费项目）和坐小🚂火车。小火车个人也蛮喜欢的，绕整个园区一圈，可以看到更多风景。听说还在开发二期，以后有机会还愿意来。😊 ,2017-05-06 20:13,
花花花花韩,50,其实从高铁站下来，打车也很近～～园区里植物种类很多，而且有一些婚纱摄影的搭建物，很适合拍照；有火车可以绕乐园一周。有参观走廊可以看到巧克力生产的过程，学习到关于巧克力的知识，还有免费的巧克力可以品尝😁有可以亲手做巧克力的地方，西餐厅的饭味道还不😄～～ ,2016-10-15 19:35,
倾清颜,50,没去过 不知道怎么样，看起来还不错,2016-10-03 07:51,
小坏坏香奈儿,20,整体感觉一般、整体建设尚未完善，目前只是一部分而已，无非就是带孩子玩玩娱乐的、可大人的门票似乎太贵了、不科学；而且感觉商家蛮气人的、在大众也好美团也好做的宣传都前后矛盾的、预定说明里黑字写的很清楚入园前都可以购买、可在最后其他说明里又说必须的早上8点以前购买才可进小镇，TMD这不是耍消费者吗？这种地方去过一次就好、被啃过一次就好，若没去暂时也别去，等建设全部完成、配套上了再说吧！反正以后我是不会再去了！ ,2016-09-24 22:34,
dpuser_5468700143,40,大多是室内参观，热天也可以去。门票价格略贵，巧克力制作一下要50，价格能便宜点就更好了。,2016-07-21 15:12,
dpuser_98675111806,10,没去过。不多加以评论。以后去在过评论吧！不好意思啊,2016-06-21 17:18,
gjhe7108,40,值不上这个价，而且定了票说不可以刷当日票，绝对不推荐,2016-04-04 12:33,
哆啦哆哆,10,真垃圾 ！买了很多巧克力 回来一看都快过期啦！礼盒里巧克力都是基本一样的 就表面定价格! 不要上当了！手工制作也不是很卫生！,2016-03-30 18:49,
