name, score, sight,interest,cost_effective, review_word, time
当地向导桂林叁哥旅游工作室,80,4,5,4,早上慈溪出发前往歌裴颂巧克力小镇，体验欧式风格建筑，开始精彩行程跟着讲解员走过156米长的全透明观光通道，观看世界最先进的巧克力制作流水线；通过声光电液影机等科技手段，了解巧克力文化知识；通过短片了解巧克力的前世今生；欣赏大师的巧克力制作表演，品尝不同口味的巧克力浆；最后走入DIY专区，将巧克力浆制作成自己喜欢的巧克力！ 中饭后前往铁哥们大世界，这里有各种用废旧物品制作成的变形金刚，各种萌物形象，小朋友们在这里绝对会大开眼界！,2016-10-16,
木小瑶,100,5,5,5,地点离市里有点远，但很值得玩，适合带孩子去或者情侣出游！我家姑娘玩的乐不思蜀，我们还一起亲手做了两份巧克力！夏天去的，高温天气也挡不住孩子的好心情！整个小镇很童话，感觉情侣去玩会有公主王子的甜蜜感，然后亲手做份属于彼此的专属巧克力很有感觉哦！,2016-10-08,
M32****795,100,5,5,5,出乎意料的好，去之前还担心说天热有影响，其实还好，园区挺大的，室外有很多美景，花花草草适合拍照，坐坐小火车吹吹风挺惬意哒～如果觉得热了可以进室内的巧克力工厂参观流水线，了解巧克力的历史，重点是可以试吃不同口味的巧克力，都是炒鸡好次(✪▽✪) DIY是非常棒的亲子体验，尤其小盆友超爱的，工作人员都很亲切又耐心，做好以后还会帮你包装好，送冰袋防止熔化～自己亲手做的巧克力小盆友特别喜欢都不舍得吃了，二楼还有免费游乐场，玩嗨的节奏～建议尽量早点去，园区现在是上午9点开放，人少而且不会太热～总之今天玩得特别开森，小盆友还说每礼拜都要来一次，哈哈(ಡωಡ)hiahiahia,2017-08-19,
挪威森林0515,80,4,4,4,第一次到巧克力小镇，这是一个集“工厂+展示+销售+巧克力文化宣传+花海”的一个集合处，适合全家来游玩，既能看到巧克力的工厂加工情况，也能欣赏到美丽的花海美景。 门票70元/人。,2017-04-27,
Sprite0410,80,4,4,4,歌斐颂巧克力小镇位于嘉善县大云镇，我是城区的人驱车过去还是很方便的。小镇面积不大比较开阔，沿路有草坪和五彩风车点缀，园内有小火车可以乘坐绕园一圈，如果是冬天还是有点小冷的。小镇的建筑偏欧洲风，很漂亮，有免费品尝巧克力，参观制作工艺流程，了解巧克力文化的巧克力市政厅，旁边也有卖歌斐颂巧克力的专门大厅，价格不贵，个人觉得味道还可以。有小型娱乐设施，较适合家长带着孩子来玩，拍照挺好，园内还有新婚夫妇来拍婚纱照。,2018-02-24,
漢江鴨鴨,60,0,0,0,浙江嘉善的歌斐颂巧克力小镇，离开嘉兴不远，在那里，可以参观工厂，品尝巧克力，体验巧克力文化，养生游乐。斯麦乐巧克力乐园，是集巧克力生产、研发、展示、体验、文化、游乐和休闲度假于一体的现代化巧克力生产基地，是特色工业旅游示范基地和文化创意产业基地。,2018-02-01,
陈凯莉,60,3,3,3,跟团游的景点 冬天看还是比较萧条的 要花花草草都长出来才看上去更美更梦幻更适合婚庆啊！ 里面主要是参观巧克力的生产线（春节停工），然后免费试吃～ 巧克力味道蛮多的 巧克力液沾饼干条更好吃一点！ 庭院里可以乘小火车 还有一些雕塑可以拍拍照片！里面的巧克力不是很贵～ 太阳好的时候拍照还蛮美的！,2017-08-25,
M21****334,100,5,5,5,值得去，国庆中秋假期最后一天去的，人还算可以，里面有小孩可以玩的充气城堡，活动区，主要是看巧克力的生成，自己还做了巧克力，景色宜人，很多花的海洋，缺点是车停在路边，走得比较远。,2017-10-09,
M55****753,60,0,0,0,带孩子没事儿可以去看看、做巧克力的流水线完全就是摆设、只有几个工人在车间里给巧克力装盒、看不到任何制作过程！建议单买门票就可以了、团购不便宜！就是可以试吃好多巧克力！贼甜！生巧克力还不错！,2018-01-30,
M26****6331,100,0,0,0,比想象中的漂亮，室外适合拍照取景，室内巧克力免费吃随便吃。第一次用携程网超级方便的，当天想到要去玩，马上订票，说走就走。 春暖花开的季节去会更美，到时有空了再去^_^,2018-02-21,
M26****7011,100,5,5,5,走进大云就感受到一种非常甜蜜的氛围，在去歌斐颂的路上两边也是装饰得非常干净。值得表扬的是停车场有专门的人员引导，每辆车都停的很规范。走进小镇之后，里面地方非常空旷，地上都插有彩色的小风车，我们是春节去的，所以有些花都没有开。里面的建筑很有特色，给你完整展示了巧克力的生产流程，还免费品尝了12种不同味道的手工巧克力。里面巧克力的价钱都挺实惠的，种类也很多，进门还会送50-20的券，所以很划算，里面还有各种南瓜车啊大风车啊，很适合拍照，推荐三四月份去，那会儿花海的话都开了，应该会很漂亮。,2018-02-20,
200****590,100,0,0,0,今年幼儿园秋游的地方，大概一个多小时的车程，参观了巧克力的制作流程，品尝了多种口味的巧克力️液体固体两种，自己体验了制作巧克力，开开心心带回家，相当于一个大的游乐园，有小朋友喜欢的城堡、梦幻乐园、滑滑梯等，玩个三四个小时足够了,2017-11-14,
Anson,80,4,4,3,歌斐颂巧克力小镇是国内首个以巧克力文化为主题的工业旅游项目。该项目以乡村田园风光为背景，以巧克力生产制作为依托，充分挖掘巧克力文化内涵，拓展巧克力文化体验、养生游乐、休闲度假等功能，是集巧克力生产、研发、展示、体验、文化、游乐和休闲度假于一体的现代化巧克力生产基地,2017-02-25,
M16****376,100,4,5,3,这个景点小朋友是很开心的，学习了与巧克力有关的知识，参观了工厂，还免费品尝了各种口味的巧克力，还有儿童乐园玩。巧克力口味很好，价格略贵，最主要是门票太贵了！,2016-10-01,
M22****5064,100,5,5,5,建筑很漂亮，地方也大，元旦去的，一点没有拥挤的感觉。试吃巧克力、巧克力厨房和寻宝活动，都非常吸引孩子，大厅内还有个儿童乐园，适合1米2以下小朋友玩。本来打算半天结束，没想到一眨眼玩到闭园了！,2018-01-02,
_seoba****0553960,100,5,5,5,感觉不错2大1小亲子票适合孩子玩的还有很多没开发出来餐厅应该多几个可供游客选择就一个西餐厅选择性较小不过味道不错的游玩的设施应该多一点,2016-12-11,
M47****890,100,0,0,0,地方整洁干净，很人性化！配备母婴室、餐厅味道也不错！大、小宝玩得都挺尽兴！虽然天气冷、室内游玩无压力，游乐场是小宝的最爱、大宝既学到知识又体验DIY！,2017-12-10,
妞宝_嗯糠糠,100,0,0,0,过年总想着带宝宝们到处玩，这次选择的是巧克力小镇。杭州过去一个多小时，导航很准确，外面是停车场，车辆挺多的，有保安指挥停车，非常正规。进入小镇的路上插满了五彩风车，等风来转动时给人满满的春意。据说小镇花了很大的价钱建的，进门就是小火车，凭借门票可以乘坐。由于天气比较冷，可可森林没有对外开放，隔着玻璃看看里面的植物，并不爽快。另外就是制造工厂和玩乐的地方。得提前给要去的朋友们提个醒，游览区都是有人数控制的，一波波的来，不然解说员忙不过来，所以要去的人得安排好时间。制造工厂可以看到制作巧克力的大型机器，解说员从原料开始一点点讲解给大家听，里面有两个品尝的机会，一次是四个口味的流质状巧克力，可以用手指饼干蘸着吃，另一个就是手工巧克力，家里的两个宝贝一个个吃过去，不亦乐乎。购票时选择的是加制作的，所以她俩还体验了制作巧克力的简单过程。离开时，我们还笑说孩子们把今年要吃的巧克力一次性吃完了…推荐有孩子的家长带去逛逛，春天鲜花开满时，一定比现在更美…,2018-02-24,
筱宇风,100,0,0,0,给大宝庆祝生日去的，里面有小火车，淘气堡，巧克力工厂的参观，还有手工巧克力的DIY，还可以免费品尝巧克力，黑生巧最好吃，巧克力酱沾手指饼也可以，手工巧克力有十来种，一种一种品尝过来就有些甜腻了，还有种辣味的巧克力，很奇特的感觉。有点遗憾的是工厂没有运作，看不到制作巧克力的过程。总的还不错，孩子玩的很开心。,2018-02-22,
M25****9393,100,0,0,0,带11周岁的女儿，和17个月的儿子一起去玩的，女儿玩的巧克力DIY，说挺好玩的，儿子对二楼的儿童区特别感兴趣。就是身高一米三以上的孩子不可以在里面玩，于是乎，女儿把弟弟当成通行证，也玩的很开心！话说，免费品尝的巧克力味道着实不错，吃的不亦乐乎！当然，也不忘买了许多回来与家人分享！嗯，巧克力小镇还有花田，如果正好是花季，一定更美！,2018-02-21,
M25****9393,100,0,0,0,带11周岁的女儿，和17个月的儿子一起去玩的，女儿玩的巧克力DIY，说挺好玩的，儿子对二楼的儿童区特别感兴趣。就是身高一米三以上的孩子不可以在里面玩，于是乎，女儿把弟弟当成通行证，也玩的很开心！话说，免费品尝的巧克力味道着实不错，吃的不亦乐乎！当然，也不忘买了许多回来家人一起吃！,2018-02-21,
159****8040,60,0,0,0,人气不大旺，就是一个巧克力工厂的后花园，景区面积不大，可玩的东西不多，领孩子散散步还行，里面吃饭不大方便，就一家西餐厅（快餐），东西小贵量不大。孩子可以做一次手工巧克力，做好了可以自己带走，孩子体验下挺好的，里面有很多巧克力卖，喜欢吃巧克力的人很多选择，总体来说，来一次就够了，不会想去第二次。,2018-02-19,
_zfb20****0049619,80,0,0,0,接上一条来讲一讲巧克力能源厂那幢楼。直上两楼后，是一条长廊，可以看到下面的巧克力制作流水线。但因为节假日的关系，机器没开，也没有工人。。。比较遗憾了，机器超级干净，我都以为是摆设。。。一路可以试吃各种口味的巧克力，然后就是卖各种口味的巧克力，20元一袋，门票送的优惠券是一楼用的，那里是不能用的。最后一个辣味巧克力，可以吃吃看，但除了辣好像也不太惊艳。接着是巧克力知识的展厅，我们走马观花了下，但其实布置得还算可以。展厅最后也有购买巧克力的点，主打造型巧克力。下楼就是市政厅那幢了。就是做DIY和购物点了。小火车一定要去坐啊，凭门票坐的，上车会在门票上打洞，可能只能坐一次吧。做一圈小火车还是不错的,2018-02-18,
_WeCh****379919,100,0,0,0,花了半天时间去了歌斐颂巧克力小镇，小镇把风景、巧克力制作、亲子活动放一起想法不错，进园可以座小火车，小火车沿小镇转一圈，可惜现在是冬天，火车四周无遮挡比较冷，冬天花少景色没那么美。巧克力工厂可看巧克力制作过程，大过年的里面没有制作巧克力员工只有机器，工厂里面几个免费试吃区，可以吃到很多不同口味的巧克力这点蛮好，巧克力卖的也不贵，和某网差不多还有优惠券送蛮好的。巧克力展示区可以摸到巧克力豆。买了套票可以弄个巧克力diy制作，不错拿到成品很满意。就是制作完冷冻要等一个小时，这一个小时可以玩游乐场。节假日带小盆友玩玩还行吧！进的话过去蛮好。停车还免费，天暖和点去蛮好的，风大座火车冷。,2018-02-18,
_zfb20****0049619,80,0,0,0,之前只听说了温泉和花海，这次春节假期看到同事带小朋友去了巧克力小镇，因为路程不远，也打算过去玩玩。赶在上午十点前定了当天的门票，两个小朋友都不到1.1米，不用买门票。三个大人，买了两张“成人门票加DIY”，一张成人门票。高速下来一路都有很明显的路牌，不需要导航也能顺利找到。停车场挺大的，下午过去路边已经停了好多车，但其实稍微往前一些停大车的停车场还是有很多空余车位的。停车免费。基本停好车就能看到整个景点了，因为冬天，比较光秃秃。进门挺多人在排小火车，我们先去了巧克力市政厅那幢做DIY。一楼进门左手边是巧克力DIY，比较大块的巧克力基底上用彩色巧克力颜料画画。右手边往里走上甜品DIY，磨具里有好几小块的巧克力，先做色彩点缀再倒入巧克力。门票里的那个就是两个DIY选一个，我们因为买了两套，就都做了下。精细的活儿对我家小朋友来说有点难，于是小朋友就负责吃一吃倒剩下的巧克力浆了。。。做完后带好自己的手环，约一个小时可以在服务台取。两个DIY都分了场次，感觉做甜品的少一些，不知道是不是因为教室要再进去一些的原因。总之大同小异了，图个好玩儿。,2018-02-18,
sweet-斯斯,80,0,0,0,小孩子玩的非常开心，一进门就是小火车，凭票坐一次，有时间班次，这次国庆假期根据实际情况调节这点很人性化。参观巧克力生产线也有时间段还有向导介绍，免费品尝。还有时不时有表演和送气球一个上午能搞定，总体上还不错，小孩子的游乐设施还蛮多的,2017-10-08,
M32****795,100,0,0,0,出乎意料的好，去之前还担心说天热有影响，其实还好，园区挺大的，室外有很多美景，花花草草适合拍照，坐坐小火车吹吹风挺惬意哒～如果觉得热了可以进室内的巧克力工厂参观流水线，了解巧克力的历史，重点是可以试吃不同口味的巧克力，都是炒鸡好次(✪▽✪) DIY是非常棒的亲子体验，尤其小盆友超爱的，工作人员都很亲切又耐心，做好以后还会帮你包装好，送冰袋防止熔化～自己亲手做的巧克力小盆友特别喜欢都不舍得吃了，二楼还有免费游乐场，玩嗨的节奏～建议尽量早点去，园区现在是上午9点开放，人少而且不会太热～总之今天玩得特别开森，小盆友还说每礼拜都要来一次，哈哈(ಡωಡ),2017-08-20,
李家小兴兴,100,5,5,5,很值得实地体验的亲子游特色小镇，游玩过程中可以品尝各种口味巧克力，学习巧克力制作工艺，还能自己动手制作体验，在工厂店可以挑选购买琳琅满目的巧克力商品，大家玩得都很开心，今后要常来。,2017-04-04,
M32****44,100,0,0,0,去云澜湾泡温泉顺带去的巧克力小镇 凭门票可以免费坐一次小火车 绕着小镇兜一圈 参观巧克力的制作过程 然后免费品尝巧克力 十几种口味吃过来很甜 很多父母带小孩子去diy巧克力 有空的话还是可以去消磨一下时光的,2018-03-03,
elva_cheng,100,0,0,0,冬天来只能室内玩玩，花都没有了。只能坐小火车看看泥土和枯树。好在宝宝很喜欢，巧克力都是爸爸在画的。制作完拿到手宝宝就问能不能吃了！幸幸苦苦做的，一拿到就进嘴里咧。以后只要买现成的就可以啦。,2018-02-24,
M17****117,100,0,0,0,带着闺女来体验下，刚走进大楼就闻到一股巧克力的香味，甜蜜的味道，一路参观巧克力的制作过程以及可可的生长生产过程，很有意义哦，周围好像还在继续开发，希望小镇越办越好，短途亲子游的不二选择。,2018-02-23,
M26****7378,100,0,0,0,吃过午饭去的，凭票可以坐园内的小火车，一圈十分钟，坐在火车上可以看爱情海、风车。参观了巧克力生产线，试吃了12种巧克力，还有生巧很好吃，买了生巧。小孩子很开心，又吃又玩。,2018-03-04,
xia****0820,100,0,0,0,年初二天气很好，带着老妈、老公和宝宝来到巧克力小镇，宝宝不到1.1米免门票，买了3张成人票送了3张满50-20优惠券，可以在一楼使用，买了好多。宝宝玩的挺高兴的。,2018-02-17,
whatever,100,5,5,5,歌斐颂可是现如今巧克力牌子中响当当的了，想不到还有这样一个以它名字命名的巧克力的小镇，在这里一定会让喜欢巧克力的人疯狂的。,2017-10-05,
Cynthia,100,0,0,0,虽然是春节但是还是有很多游客，整个停车场都满了，好在整个园区不小，玩的时候不拥挤。厕所很干净，设计充分考虑到的儿童的需求。还有不少休息区域，让家长们可以坐下来休息一下。朋友家的小宝在儿童乐园里玩得乐不思蜀，大姐姐们也有DIY可玩。快结束时下雨了，巧克力厂有雨伞借，但是必须还回原处。因为大楼离大门口还有一段路程，建议以后可以设多个还伞点灵活还伞。活还伞,2018-02-20,
Cynthia,100,0,0,0,很好的亲子活动场所。一进门正好赶上小火车，不知道从哪里传来小虎队的歌声，顿时有了少年时春游的那种雀跃心情。巧克力力工厂虽然因为春节没有工人，使试吃巧克力还是让小家伙们很兴奋。DIY更是最感兴趣的环节，做好了迫不及待地想尝一尝,2018-02-20,
小爷散散步,100,0,0,0,将制造业和旅游业结合，风景不错。通过生产线参观，初步学习到巧克力生产流程。有多种口味巧克力可以试吃，吃了几颗吃多了发腻了，很多口味没有尝，居然有一款是辣的，挺有趣。门票额外花点钱可以自制巧克力，发挥你的艺术天赋吧,2018-01-06,
M59****433,100,0,0,0,今天来玩巧克力小镇，原来只打算玩两个小时，到了后没想到待了四个多小时还觉得意犹未尽，一到后就看远处的欧式建筑，还有点迪士尼的味道，换票是还给了张任务卡，完成后可以换块巧克力，进去后先后参观了巧克力能源站，试吃巧克力，自己制作巧克力，乘坐小镇火车，再看了几个景点，然后吃饭。人不算多，也相对整洁，没有破败感，据说还在不断扩展更多的项目。总之，很满意这次甜蜜之旅，特别适合小朋友来玩。,2018-01-01,
_M18****1628,100,0,0,0,冬天去人也不少，没有完全开发好，计划投资9亿，年收入20亿，小朋友DIY 超喜欢，参观也很不错，有钱人就是不一样，投资都是大手笔，小火车值得坐，都有时间的，一小时间隔吧，春天去应该更漂亮。总的参观和DIY时间小半天吧！,2017-12-23,
M54****240,80,0,0,0,主要是为了让孩子开心，坐了小火车，DIY巧克力，看了小丑表演，去了巧克力加工工厂，品尝了不同口味的巧克力，最喜欢薄荷味黑巧克力。孩子喜欢外面的滑滑梯，玩得不亦乐乎。工作人员都很有耐心，折气球的阿姨心灵手巧，折的气球很形象。希望下次去的时候可以有更多的中西餐厅可以用餐。,2017-10-07,
_WeCh****553427,100,0,0,0,第一次清楚的了解巧克力的制作过程，看到了可可果，触摸了可可豆，品尝了各种口味的巧克力，亲手制作了HelloKitty巧克力，最主要的是都是在室内很凉爽，即增加见识又满足了吃货心愿，用悦慈的话说:放暑假真是太好玩了！,2017-07-11,
小语,80,4,3,3,在嘉善十里水乡景区内，很偏，如果不是自驾，就要跟团，门口车辆停了不少，停车不收费，五十元的门票，因为没带孩子，也就没进去，主要就是巧克力的生产过程，然后景区内有大片的二月兰，适合拍照，有人在里面拍婚纱，门口有小火车轨道，两边都是油菜花，挺美的。,2017-04-08,
杂志狂人,80,4,5,5,很不错的工厂旅游，可以互动参与私人定制巧克力，小朋友玩的非常开心。里面还可以买巧克力，饿了也有餐厅，吃披萨什么的，环境不错，价格略贵。,2015-08-30,
_WeCh****52501,80,0,0,0,总体还是很不错的，适合家庭亲子跟情侣，巧克力工厂参观扫盲了，DIY小盆友很享受其中，还有不少小朋友的游乐设施，遗憾的是花海未开，小火车的体验欠缺了不少,2018-03-04,
M26****0337,100,0,0,0,走进小镇，浓郁的巧克力香味扑面而来，在这里，你可以了解制作巧克力的流程，品尝合适美味的巧克力，还可以跟孩子一起DIY，共享甜蜜，是亲子游的好去处！,2018-02-22,
M23****9760,80,4,4,4,星期天，天气晴朗，带着一家老小去游玩！孩子们玩得很尽兴！尝了好多巧克力，个人觉得生巧好吃，买了两盒！DIY巧克力孩子玩得很开心！值得周末亲子游！,2018-03-04,
M45****408,100,0,0,0,很不错，就是路不太好找 ，开过去就是小路，带宝贝去玩一个下午够了，能免费品尝巧克力，超级好吃哦，下次带二宝也去！而且自己做巧克力宝贝很喜欢！,2018-02-25,
118****708,80,0,0,0,不错的一次体验 有几处游乐区，很用心，小朋友很喜欢 待建的区域还蛮大，以后应该会更好玩 餐食可供选择的减少，另外小火车没有挡雨措施考虑稍欠,2018-02-20,
M42****161,100,0,0,0,很安静的小镇，节假日带小孩来玩很不错，参观了巧克力工厂，品尝了好吃的巧克力，DIY自己做了巧克力，小孩玩得游乐设施不是很多，总之不错吧！,2018-03-01,
137****8639,100,0,0,0,参观、品尝、手工制作、采购一条龙服务，巧克力比超市便宜，多种口味，多种选择！巧克力控一定得去！景观比较多！小朋友、爱拍照的必须的！ 、,2018-02-25,
_WeCh****101482,100,0,0,0,网上订票还是算便宜的了，里面教小孩子巧克力的制作过程，已经在两个趣味厨房中也有教授小知识，大人与小孩都能体会到在巧克力上绘画的乐趣！,2018-02-27,
helin_yin,80,0,0,0,携程定的两大一小套餐DIY套餐，内容包括参观巧克力工厂、巧克力DIY、游览小火车，比现场买票划算。DIY适合比较大的孩子，参观还不错，下次春天等花海盛开了还可以再来玩儿一下,2017-12-10,
筱宇风,100,0,0,0,今天大宝生日，正好去巧克力工厂玩。里面的游乐园，小火车和巧克力DIY，都还不错，孩子玩的很开心，意犹未尽的，说下次还要去。,2018-02-22,
M59****433,100,0,0,0,这次是带小朋友过来的，巧克力小镇非常不错，最主要的项目就是参观巧克力生产过程，同时可以试吃各种风味的巧克力，小朋友还可以亲手制作属于自己的手工巧克力。最后在透露一下，这里也可以买到日本北海道的那种生巧克力，我是吃不出区别，不用跑到日本去吃了。,2018-01-01,
186****1567,100,0,0,0,嘉兴市区到小镇路途适宜，开车来回不累。第一次去玩，感觉比想像中的要好。找密码的环节不错，可以和小盆友一起互动，也可以培养协作精神。节日期间工厂没有流水线参观有些遗憾。抹茶巧克力味道不错，DIY很棒！值得一游！,2018-01-01,
sala****988,100,0,0,0,冬天坐小火车很冷，但是孩子还是很兴奋。巧克力工厂里面很多种类的巧克力可以试吃，生巧软软的，宝宝很喜欢吃。买了很多手工巧克力和礼盒，比外面便宜。二楼儿童乐园小朋友玩的很开心，巧克力DIY也很好玩，非常棒,2017-12-19,
M20****123,20,0,0,0,我只能说，现在不是去小镇的时候，要花没花，要草没草，小火车一圈坐下来，什么都没有。可可森林关门，门口的马车很破很久，很多景点有的是在二期建设没有开发，有的是实在开不下去了，比如说有一个什么学院。导游工作人员这些还是挺热心的，唯一能看的是巧克力的生产线，但是没有开工，可以品尝巧克力，这个不错。 里面的中餐厅吃了，披萨一般，鸡米花全是粉，很难吃，那里除了小朋友和家长，其他都没人来，非常不建议去，一点意思都没有，什么热气球，风车这些都很假，连拍照的欲望都没有。 地方也很偏，滴滴打车有去无回。 挑能看的照片放了，不能看的都没拍照,2017-12-14,
118****737,100,0,0,0,里面的整体规划不错哦，有小火车，巧克力工厂 ，手工体验区，用餐区，拍出来的照片都是美美的，中午在那里用餐，吃的还是不错的 有小朋友喜欢的意大利面，牛排，披萨，性价比也不错。买了巧克力，还带回自己做的巧克力，口感很好哦。,2017-12-11,
M36****300,100,0,0,0,人不是特别多，可能是因为阴雨天气。地方比较偏僻，但一路上都是花海，环境特别好。到了后停车也很方便就停路边。走进去一小段，在携程买票挺方便，直接到游客中心看短信兑换票。进去先坐小火车，沿着景区兜一圈，大概不到10分钟吧。然后去了巧克力能源厂，是讲巧克力的知识，看到了生产巧克力的车间，品尝了免费的巧克力试吃后可以买散装的一袋袋巧克力20一袋。然后我们去了巧克力市政厅，这里有巧克力diy，非常适合亲子活动。也有游戏区域，西餐厅，环境好卫生间也很卫生。后来我们去了外面的花海拍照，真的很适合拍婚纱照之类的，花很美。总之这里适合和孩子半天的亲子游，还是值得推荐。,2017-10-05,
_WeCh****634799,100,0,0,0,歌斐颂巧克力小镇——亚洲首家巧克力主题公园，自驾导航过来，一路很顺畅，停车方便。一进园区就被大片的马鞭草给吸引住了，加上今天蓝天白云真是如画一般。坐上歌斐颂号蒸汽小火车一边欣赏园区景致一边听着讲解，慢悠悠逛了一圈后直奔歌斐颂巧克力市政厅，一进来便闻到了浓浓的香甜气息，观看了巧克力生产流水线，品尝了各种口味的巧克力，在走廊尽头还有巧克力瀑布，个人觉得巧克力比较偏甜，估计小朋友们比较喜欢吧，购买巧克力会在包装袋内放冰袋，不过回家时发现其中一包因为没有冰到已经化了。室外有30度左右吧，中午时分空无一人，刚好方便我拍照了，个人还是比较喜欢园区的景致的，小朋友们在DIY区做好巧克力作品等冷却的一小时里疯玩了二楼的海洋球馆，我自己溜达着园区看看花草也是蛮惬意的。,2017-08-25,
205****866,100,0,0,0,巧克力小镇带孩子去还是蛮不错的体验，园区里面很大，我们去的时候天气热，怕热的难受就没有在里面逛，坐着小火车绕了一圈，景色很漂亮，很多花，天气凉爽，到是可以好好闲逛下。孩子DIY做了巧克力，还去参观了巧克力生产车间，很多口味的巧克力试吃，蛮不错的体验，孩子是挺乐在其中的。,2017-08-07,
lijuanhe,100,5,5,5,到嘉善看朋友，还有半天时间，和朋友带着俩娃来这里玩。参观了巧克力工厂，可惜当时停工了。巧克力很香，里面儿童乐园，就是小了点。当时天有点凉，还是有4、5对新人在拍婚纱照。园区面积挺大，可以在修。里面的桃花已经开始开了。目测以后会是个很好玩的地方。里面有很多旅游团。,2016-03-18,
LaineyLi,100,0,0,0,去的时候里面的花都没有开，而且下雨，但是还是挺好的，了解了很多巧克力的知识，也可以免费品尝手工巧克力，很好吃。如果夏天坐小火车转一圈，花团锦簇，应该会特别漂亮,2017-12-30,
小马儿,100,0,0,0,这里真是巧克力的天堂，既有小朋友的游玩场所，也有巧克力的制作和品尝，还有关于巧克力的小知识，寓教于乐！价格也很亲民，,2018-03-04,
ydxpang,100,0,0,0,开学之前带孩子周边游、温泉度假村、巧克力小镇，轻松休闲之旅，巧克力小镇环境优美，小孩增长了巧克力制作知识。值得推荐！,2018-02-26,
M17****908,100,0,0,0,孩子非常喜欢，可以吃到新鲜的巧克力，看到巧克力生产线，还有巧克力喷泉，最爱的diy，自己制作的巧克力才是最好吃的！,2018-02-23,
118****354,100,0,0,0,下雨天去哪里还不错 室内有空调 挺干净的 而且巧克力免费试吃 味道很好 多种口味 幼儿园和低年级的小朋友很适合 还可以DIY制作,2018-02-20,
M57****591,100,0,0,0,很早就想去了，趁着国庆长假的最后一天带着宝宝去了，天气很好，景色很美，坐了评价很高的小火车，唯一的遗憾是时间有点短，宝宝还亲手做了巧克力，非常开心的一天,2017-10-08,
ju****c,100,0,0,0,多家对比后还是选择携程，携程最实惠。玩得开心，巧克力DIY很棒。儿童区小宝宝玩得很嗨。下次去的话再来订。会推荐,2018-02-27,
D16****197,100,0,0,0,大年初四去的，下着雨，但是几乎是室内游玩。每次出行都是携程订票，已经习惯了。特别要说的是这里巧克力好吃 尤其喜欢黑巧，价格也不贵，建议春暖花开时去游玩,2018-02-22,
E25****74,80,0,0,0,下雨天，人山人海，但还是有不错的体验，小火车环游乐园，巧克力免费品尝，diy制作巧克力，小朋友很开心，如果再多点室外游乐项目就可以泡一天了,2018-02-19,
M23****0879,100,0,0,0,带女儿去玩的，兑换票后进去正好赶上小火车开。参观生产线和博物馆还有试吃挺不错的，出口地方还有儿童游乐园。总体来说带孩子去玩玩还是不错的。,2018-01-04,
Candy妈咪,80,0,0,0,第二次去巧克力小镇，元旦有优惠每个小朋友可以参加集密码送巧克力，相比上一次去还多了生巧，好吃到不行，我搜了下网上都买不到，对于我这种只想买巧克力的人来说，如果不要门票就好了。,2018-01-02,
M34****573,80,0,0,0,人不多，品尝了12种不同口味的巧克力，对巧克力爱好者真是掉进蜜罐了，有西餐厅和中餐厅，中餐厅人很少，只有套餐不能单点，口味还不错,2018-02-20,
M22****8958,100,0,0,0,寒假去玩的，人很多，坐了小火车、自己DIY了巧克力，还参观了巧克力工厂，很棒..午餐在里面吃的，全程差不多三个小时..玩的挺好,2018-02-18,
清风徐来01,100,5,5,5,有点小惊喜，值得亲子游，有待完善！观赏了巧克力制作过程和工厂，还亲自体验了制作，孩子很喜欢就是园子笑，半天就走完了，需要建设！,2016-10-05,
_WeCh****070629,80,0,0,0,适合春夏去，冬天花花草草都枯萎了，没有景色可看。跟孩子一起制作巧克力还是挺有意思的。,2018-02-22,
137****9987,100,0,0,0,一家三口去玩很不错的，风景蛮好，天气凉快点去很好，送的diy小孩最喜欢，价值50元,2017-08-19,
_WeCh****94222,100,0,0,0,小朋友非常喜欢，吃到了很多种口味的巧克力！还动动小手制作了一款自己专有的巧克力！,2018-03-06,
D13****171,100,0,0,0,巧克力小镇离上海很近（过了枫泾下一站就是）开车只要一个多小时吧。可以免费做一次小火车和免费品尝12种巧克力，其中有一种是辣巧克力哦！小朋友既能在儿童乐园里面玩滑滑梯，又可以自己动手DIY 制作巧克力，寓教于乐，非常有意思！,2018-02-23,
_BAID****0384,100,0,0,0,虽然有些场地还没有完全开发，但总体感觉还是挺好的！参观工厂，你能够了解巧克力的生产过程和相关知识。知道白巧克力和普通巧克力的区别吗？当然，查百度你也能知道，但在那里你马上就能品尝，知道口味上的区别。参观展馆，你就能了解巧克力是起源是在美洲，也能看到可可树果实的样子。场馆里设计了很多给小孩游戏的地方。大点小朋友可以去动手做巧克力。户外也有孩子的活动场所。小火车是小朋友的最爱。,2017-12-14,
135****7597,80,0,0,0,国庆假期游客还是很多的，取票也很方便，里面占地430亩还是很大的，小火车能绕小镇一圈可以观沿路风景，巧克力工厂里面全机器设备制造的巧克力品尝到各式各样的味道，辣味巧克力是印象最深的。绕工厂下来可以直接去diy，小朋友们很喜欢，各式的磨具制作很方便！总体来说小镇消费还是有点高的。里面的风景拍拍照还是不错，向日葵、格桑花、大风车、热气球…全都有！,2017-10-06,
M39****300,80,0,0,0,早上去的时候，人不多，天气也正好~巧克力很好吃~试吃的生巧棒棒哒~diy巧克力也很不错，主要是家长带着小朋友多一点。这个时间去，有好多的向日葵很漂亮~还可以做小火车游览一下，半天的游玩就足够~了~适合亲子游玩,2017-10-03,
_CFT01****9593706,100,0,0,0,风景很美，坐在小火车上一点也不热，一路上还有广播细心讲解每个地方，到里面先去参观的工厂，负责讲解的美女一路上讲解很细致，每个问题都耐心回答，态度很好，中间有各种巧克力试吃，最后一份辣味的吃的时候不辣，回味有点辣，口感奇特，参观好之后去DIY，人不多，环境干净卫生，戴上厨师帽和小围裙，会有专人指导制作，做好40分钟后拿着牌前台领取，看到成品就好想立马吃一口，宝贝一直不舍得走，我们就去了二楼的儿童乐园，免费开放，简直是宝贝的天堂，几乎玩疯了。去过很多地方，洗手间都是不怎么干净，这里洗手间配得有手纸，卫生很干净，赞！说说吃的吧，餐厅很大，可以坐在里面休息，我点了一份意大利面，38元，味道还不错。,2017-08-12,
200****519,80,0,0,0,就是巧克力厂开发的景区，可以参观流水线，试吃巧克力，还有自制巧克力。景色一般，有些花草，有些摆设可以凹造型，不是在附近的话，没必要特别过来。票价55成人票，含小火车乘坐，但不含做巧克力，小孩要体验的话单独买一张diy票就行了，做的过程简单的不行。,2017-02-22,
三十而立o凯,100,0,0,0,不错的地方，适合小朋友，里面的食物价格也不是很贵，个人建议一小时车程的半日游。,2018-02-25,
137****9987,100,0,0,0,适合小孩玩，大人就是是做帮衬的，推荐，半日游相当不错，携程出票快，当场买的票,2017-08-19,
159****6333,100,5,5,5,非常大一个绿色公园，巧克力生产流水线，然后小小甜品师，国庆还有小丑表演，魔法师表演。风景优美，亲子游还是不错的。,2015-10-06,
duwu****ing,100,0,0,0,让我想起了查理的巧克力工厂，对于喜爱巧克力的人来说值得一去，幻想自己生活在巧克力的世界里，品尝完再减肥吧哈哈哈,2018-02-18,
159****0607,80,0,0,0,感觉还不错 非周末去的 人少 女儿 玩的尽兴。小镇规划的也不错 巧克力生产线 参观也算有特色 还坐了一次小火车 票价 基本值了,2018-03-07,
简单566,100,0,0,0,挺好的，孩子的乐园，可以免费品尝各种巧克力，但是感觉没必要购买diy,2018-02-23,
annychoy,80,0,0,0,这里是亲子的好地方，有成片成片的花海，还有巧克力的制作过程给小朋友参观和学习，还有巧克力免费品尝，环境舒服的,2017-10-08,
_WeCh****44193,100,0,0,0,环境梦幻般的场景，小火车带领你逛乐园。好多婚纱摄影工作室踩景点，不愧是浪漫小镇，还能尝到免费可口的巧克力哦！,2017-08-19,
U11063****279254,100,0,0,0,有免费试吃巧克力，放假带孩子们逛逛挺好的。自己做的巧克力都不舍得吃,2018-02-17,
M30****283,100,0,0,0,地方好找 带孩子去玩的 很大的 参观了巧克力的制作车间 还品尝了各种口味的巧克力 还亲手做了巧克力 坐了小火车 不错的体验 里面很多地方适合拍照 不错 整体很满意,2018-03-02,
M49****206,80,0,0,0,尽管阴天，小朋友们玩的还是很开心，了解了可可豆到巧克力的蜕变过程，还吃了不少巧克力。就是里面就餐有点贵,2018-02-25,
M54****429,100,0,0,0,特别适合带孩子来玩，能吃能玩环境特别好，大年初六人不算特别多,2018-02-21,
159****9858,80,0,0,0,小镇的创意不错的，把风景和巧克力的制作以及小朋友的亲子结合了起来。特别是小火车，慢慢地开，能够绕着小镇走一圈很不错。唯一可惜的是现在是冬天，会比较冷，花海没有了，可能春天会好些吧。,2018-02-17,
_WB6****022,80,5,4,4,很不错的一个地方，适合有童心的人去玩。,2017-10-03,
_WeCh****101482,100,0,0,0,一个很好的乡村度假地点，可以和孩子体验小火车，安全有趣！,2018-02-27,
M54****429,100,0,0,0,巧克力之旅，diy乐趣多多，还有孩子最爱的火车，好玩好吃,2018-02-21,
loveryao,100,0,0,0,小镇不大，遛娃正合适，由于春节放假，机器没在运作算是个遗憾，手工孩子也特别喜欢，下次有机会还会去,2018-02-21,
M26****5178,100,0,0,0,今天去可惜下雨天，还好基本在室内，亲子玩半天还是可以的。,2018-02-19,
_WeCh****20408,100,0,0,0,我们不是节假日去的 所以很空 服务也很到位很方便 小朋友自己做巧克力感觉很有成就感 总体来说值得去 很不错,2017-12-17,
138****6842,100,0,0,0,厂感觉较好，正在建设中，春暖花开会更好的，建议春天去吧,2018-02-21,
简单566,80,0,0,0,挺好，适合带孩子玩耍的乐园，免费品尝各种好吃的巧克力,2018-02-23,
M26****0073,80,0,0,0,很好，小朋友非常喜欢，虽然假期做巧克力工厂没有开，但是免费吃吃的很开心，自己做巧克力兴趣很大，还有游乐园玩，春天去花开了应该会更好,2018-02-24,
M25****2849,100,0,0,0,带小孩子去玩很赞，可以品尝巧克力，还可以亲手制作！,2018-02-20,
卡比之星,100,0,0,0,非常好的一处游玩景点，目前还在扩建，以后会更完美,2018-02-23,
M26****6331,100,0,0,0,那里风景很美很喜欢，凭门票里面还可以免费吃巧克力,2018-02-21,
旅行的汉堡包,80,0,0,0,制作参观走廊，弥漫着甜蜜的巧克力香味，可以品尝十二味巧克力，了解巧克力的前世今生，有游乐设施，适合春秋季节游玩 有吃有玩还能赏花,2017-12-17,
M42****258,100,0,0,0,还是不错的，里面的小孩游乐项目都是免费的，小火车推荐最后坐一圈，沙滩和花海那边很漂亮！,2017-10-08,
M15****814,80,0,0,0,风景很漂亮。拍拍照还是可以的，都是带着小孩子。做巧克力还是蛮有意思的。场地也不是很大。,2017-10-04,
_WeCha****lkCCYIr,100,0,0,0,还不错，，里面消费也比较实惠。总体来说还不错…,2017-08-30,
旅行的汉堡包,80,4,4,4,面积很大，绿化湖泊，环境清幽，适合亲自游，可以制作巧克力，还有免费巧克力品尝，让孩子在弥漫甜蜜空气中玩乐学习，景区适合婚纱摄影,2017-03-14,
ju****c,100,0,0,0,对比后还是携程最实惠。宝贝玩得很开心，很棒！,2018-02-27,
_WeCh****040272,100,0,0,0,风景很好就是玩的和参观的地方时间有点不合理,2018-03-04,
M17****908,100,0,0,0,环境很好，去的时候人也不多，还有小火车！还可以了解很多关于巧克力的历史及其他知识！,2018-02-23,
M47****890,100,0,0,0,带了两个宝贝去，都能玩得挺尽兴！小火车、室内游乐场、巧克力品尝又DIY、买了点巧克力，还满50减20！又玩又吃不错的半日游,2017-12-10,
M44****361,100,0,0,0,带小孩去还是很不错的，有小火车坐，有巧克力吃，有游乐场玩，主要不累，赞赞赞赞赞！,2018-03-05,
密西西里牙牙,80,0,0,0,这个小镇很好玩，景点很多，而且整个小镇都充满了巧克力的味道，自己可以动手制作自己喜欢的造型的巧克力，还可以免费品尝不同种类的巧克力制作的食品，巧克力派啊，巧克力糕点啊，巧克力饮品啊等等，都很好吃，同时还可以带一些回去送给亲朋好友，关键价格很实惠。,2018-02-05,
_WeCh****407179,100,0,0,0,非常棒的体验，巧克力味道非常好吃，还有小盆友活动，非常适合全家一起出游，太棒了。,2017-12-31,
_ZFB20****6653042,80,0,0,0,乐园总体不错，小孩玩的开心，小火车坐满就发车，开一圈10来分钟，看看风景正好，制作巧克力分大孩子小孩子，小一点的制作步骤简单，速度快，成品也漂亮，包装能更讲究些，垫个纸什么在盒子里就更好了，等巧克力冷却的时间里可以吃个饭，就在制作室门外，都是西式简餐，有188和258两种套餐，口味一般，服务员忙的要命不催不上，参观巧克力能源厂最happy的就是试吃，巧克力瀑布啦，手工巧克力，生巧，味道都不错，卖的也不贵，20、40的买一堆也不觉得贵，手工巧克力最后一种是辣的，巨辣，不能吃辣的千万别试，环境整体不错，可惜去的时候工人正在换花圃，都是空地，而且从停车的马路到园区入口还没完全建设好，有点荒凉，其他都很好,2017-11-13,
加菲猫77,60,0,0,0,停车场进去还有一段路要走，天太热了，这段路没有就好了。进去正好赶上火车要开，就先乘了火车，门票免费乘。 我女儿免票，我就买了大人的票+DIY。 里面有家西餐厅，比外面稍微贵点，中餐厅我们去时没开。 参观工厂时可以免费试吃，敞开肚子吃吧。,2017-07-15,
李家小兴兴,100,0,0,0,非常令人惊喜的巧克力特色小镇，孩子大人都玩得不亦乐乎。携程上预订门票二大一小+DIY有不小优惠，取票也方便。带着一家老小先乘小火车，在花海中穿行，真是开往春天的列车。参观巧克力工厂时品尝到各种口味的巧克力，还能自己动手制作巧克力，女儿做了hello kitty形状的巧克力很开心，很有参与体验的快乐感觉。巧克力商店也有很多精美巧克力供挑选购买，还能用抵用券，很优惠。乐园里还有儿童玩耍区域，家长可以放心让孩子在里面玩耍打发时间。总之，感觉巧克力小镇名不虚传，今后会常来转转，亲子游不二去处。,2017-04-04,
M24****3627,100,0,0,0,亲子去玩特别不错的，已经是第二次去了，半年前已经去过一次，虽然项目简单，但是室内活动和户外场地都够宽敞，小朋友也比较感兴趣，如果是本地就好了，外地驱车去足见诚意十足。携程早上订的票，去换票非常方便。,2017-10-06,
137****7734,100,0,0,0,很好玩，带俩孩子，坐小火车特别开心！,2018-02-26,
M54****637,100,0,0,0,风景很赞，适合亲子游！孩子玩的很开心,2017-10-08,
M57****537,100,0,0,0,小朋友很喜欢。浓浓的巧克力味。很棒,2018-02-21,
_WeCh****62437,100,0,0,0,对巧克力多了很多了解，园区内冬天会有点光秃秃的，迪士尼风格，春秋去比较ok,2017-12-25,
南辕北辙,80,0,0,0,现在这个季节玩玩不错的，一边是油菜花海，一边是二月兰花海，坐小火车穿梭其中还不错，就是火车烧油的有点烟味，另外就是参观一下生产线，试吃一下，吃饭的地方里面食物性价比低，在外面野餐放放风筝还不错。,2017-04-04,
M15****60,80,0,0,0,小镇创意还是不错的，可以参观工厂，不过还是觉得有点小了，半天行程搞定了。,2018-02-21,
M29****982,100,0,0,0,很不错，小朋友有的吃有的玩很开心,2018-02-17,
James-DXJ,100,0,0,0,巧克力试吃很好，很多，有小火车,2018-02-21,
135****2887,100,0,0,0,国庆人不是太多，免费巧克力吃到爽，美丽花海可以拍照。即长了知识，也玩得开心，适合带小孩出行。还买了一堆巧克力。,2017-10-05,
M54****548,100,0,0,0,能亲眼看见巧克力的制作过程，小朋友们又能亲手制作巧克力，很适合亲子游，小朋友们玩得很开心，值得推荐的地方。,2017-10-05,
_zfb20****1762903,100,0,0,0,园区设计得不错，能够参观巧克力生产流水线，除了可以试吃以外，还可以亲自动手尝试制作巧克力。孩子们玩得很开心，携程的预定价格与确认速度也非常给力。,2018-01-03,
_WeCh****64013,100,0,0,0,有大自然的感觉，免费品尝的巧克力很好吃！手工DIY适合亲子。,2018-02-26,
_CFT01****6753732,100,0,0,0,年初二去的，整体印象非常不错，尽管天气温度不高，但各种巧克力试吃的很过瘾，工作人员态度非常和蔼,2018-02-24,
M25****059,80,0,0,0,去的那天是阴天没有太阳，风也大，基本都是在室内玩的，因为季节不对，所以也没有看到花海，小朋友特别喜欢小火车，巧克力diy旁的简餐很难吃,2017-12-31,
_M18****1628,100,0,0,0,已点评一次了，携程订票有时候是挺合算的，这个景点值得一看，和云澜湾温泉伴侣游，时间刚刚好！,2017-12-23,
Qingfeng1976,100,4,5,5,宝宝幼儿园的活动，玩的非常开心,2017-06-13,
M39****735,100,0,0,0,非常好的工厂游体验，在这寒冷的冬季绝对是亲子游的绝好选择，听说明年酒店建好，可以再去噢！,2017-12-18,
_WeCh****01701,100,0,0,0,很美，携程订的套票，含DIY的，还送了三张20的抵用券，买了好多巧克力，真便宜。很美，人也不算多，不是五一估计更少，适合出游。,2017-04-30,
M40****375,100,0,0,0,带着同学和各自的小孩一起来玩，天气很好，阳光温暖，蓝天白云，在浪漫美丽的巧克力小镇，感觉很不错，还买了好吃的生巧，味道很好。,2017-11-26,
_CFT0****6661,100,0,0,0,体验式游玩感觉很充实，特色小镇建设值得借鉴，天气好时带上老人孩子一起玩，心情美美哒,2017-12-03,
205****957,80,0,0,0,之前看了评价差点就不想去了，后来去了觉得还可以，比较适合大班左右孩子，看看制作流程，画画巧克力画，太小的孩子听也听不懂，画也画不来，没啥意思，大孩子么又觉得太简单了，所以大班左右的孩子最合适，还有小火车坐。季节对的话，估计还有花海可以看,2018-03-06,
118****737,100,0,0,0,里面的整体规划不错哦，有小火车，巧克力工厂 ，手工体验区，用餐区，拍出来的照片都是美美的，中午在那里用餐，吃的还是不错的 有小朋友喜欢的意大利面，牛排，披萨，性价比也不错。买了巧克力，还带回自己做的巧克力，口感很好哦。,2017-12-11,
_WeCh****780697,100,0,0,0,中午十一点半去的。 时间很合适。阳光明媚。先去主楼。听了讲解员的介绍。在过程中。品尝了各种味道的巧克力。熟的生的巧克力都有。还有儿童室内滑滑梯等游乐区。 很适合三到六岁的娃。 最后还diy 做了一份可爱的巧克力。在商店购买巧克力。还有优惠券。算下来很划算。室外也有滑滑梯 以及很多结婚的新人在拍婚纱照。也是一道风景。门票内还有乘坐一次小火车。游览整个景区。小朋友很喜欢。大概整个行程2到3个小时。还是不错的。,2017-11-21,
_WeCh****780697,100,0,0,0,中午十一点半去的。 时间很合适。阳光明媚。先去主楼。听了讲解员的介绍。在过程中。品尝了各种味道的巧克力。熟的生的巧克力都有。还有儿童室内滑滑梯等游乐区。 很适合三到六岁的娃。 最后还diy 做了一份可爱的巧克力。在商店购买巧克力。还有优惠券。算下来很划算。室外也有滑滑梯 以及很多结婚的新人在拍婚纱照。也是一道风景。门票内还有乘坐一次小火车。游览整个景区。小朋友很喜欢。大概整个行程2到3个小时。还是不错的。,2017-11-21,
蓝色天空,100,0,0,0,可以免费品尝几种工厂内的巧克力，味道还行,2017-10-03,
李家小兴兴,100,0,0,0,名不虚传的巧克力特色小镇，春天花海风车，参观过程中品尝各种口味巧克力，还能优惠价购买各种巧克力，自己动手制作巧克力，三个多小时很紧凑很开心，小孩子和大人都玩得不亦乐乎，真是亲子游的好去处，今后要常来。,2017-04-04,
TONGCHENG_USER,90,0,0,0,环境很好，风景很好，可以免费品尝巧克力，天气好可以经常去游玩，是周末打发时间的好去处，就是门票偏贵，毕竟里面地方不大，游玩项目不多，大人的话也只能找个位子坐着聊天，其他实在没有大人玩的，拍婚纱照的很多,2015-10-12,
TONGCHENG_USER,90,0,0,0,地方较偏，二楼介绍巧克力制作，生产线据说白天一直在启动，但由于材料都在机器内部，所以游客基本看不出是否在工作，只看到工人在包装，另有视频介绍工厂建厂的初衷等，孩子没耐心看完就走了，接着是巧克力手工制作，费用有50或100元2种，将融化的液体倒在模具里，等着冷却，大概40分钟。剩下的地方就是购买巧克力和其他食物的地方了。距离近的玩玩还行，远的就没意思了。另55元购的偏是送50元券的，其他是不送的。,2015-08-23,
巫清伦,80,0,0,0,小火车，工厂都是有时间的，我们下午1点多到玩到4点多，时间刚好，参观工厂，品尝巧克力，手工DIY，游乐园，，，玩的不亦乐乎。感觉这一天试吃的巧克力比一年吃的都多。景区才开放了一期，期待二期的开放。,2018-02-26,
hbsyliyi,100,0,0,0,值得去玩的地方，风景优美有吃有玩！,2017-12-31,
M35****785,20,1,1,1,70快门票去这鬼地方，浪费钱浪费时间，就是个工厂造了些房子卖巧克力，不值！,2016-03-30,
娜米琪,80,4,4,4,这里适合带孩子去做做巧克力，乘乘小火车，里面也有吃饭的地方，带孩子玩还是比较休闲的不累。喜欢巧克力的也可以去普吉一点知识。加工厂到巧克力的生产过程都有。,2017-10-07,
M24****5420,100,0,0,0,还不错，唯一遗憾的是下雨天，室外的场地没办法玩，总体来说还是非常满意的,2018-02-22,
M34****573,80,0,0,0,适合小朋友去，可以diy，试吃了好多不同口味的巧克力，辣巧克力真的很辣,2018-02-20,
滚雪辉,100,0,0,0,很适合和孩子去玩！交通也很方便,2017-12-12,
186****2096,100,0,0,0,很不错的地方，小孩子去了，可以玩可以吃，很开心，就是离杭州市中心有点远，下次可以带其他小伙伴一起去，效果会更好,2017-11-07,
In Heaven,100,0,0,0,自驾去的，有很大的停车场完全不用担心停车问题。就是停车场离入口有一些距离，走走消化消化进去品尝巧克力。。不愧是做巧克力的地方，一进去空气都是甜的。。,2018-02-22,
旅行的汉堡包,80,0,0,0,地方比原扩大许多，增加了小火车等一些儿童游乐设施，有吃有玩，娃娃最爱,2017-12-17,
M23****3928,100,0,0,0,挺好的，玩的地方挺多的，还可以品尝巧克力，自己制作，小家伙很喜欢！,2017-12-30,
M42****632,100,0,0,0,蛮适合亲子的一个地方，没有能抵挡住巧克力的诱惑人吧，特别是DIY制作，很不错。天冷花都没开，小火车坐着有点冷，开春后再来会比较好。任务卡的完成，让小朋友很开心得到一份巧克力礼物，不错。,2018-01-01,
落风云,60,0,0,0,感觉是以前拍婚纱基地改造的，虽然有很多小朋友游乐设备，但总体感觉还不成熟，门票略贵，吃的店就一家，感觉也贵了点，味道还行！巧克力制作体验还行……,2017-06-07,
_WeCh****046118,100,0,0,0,巧克力很好吃，儿子玩的很开心，可惜玩到一半下雨了，小火车没坐到,2018-02-18,
vi****w,80,0,0,0,让孩子参观巧克力工厂，既能学到东西，也能吃到巧克力，挺不错的，就是可玩的东西有点少,2018-01-10,
来自猩猩的你,100,0,0,0,亲子游好去处，在了解巧克力历史的同时还可以免费品尝好多好多的巧克力，还会来，圣诞期间的巧克力永远是最美味的巧克力。DIY的制作也别具一格。,2018-01-01,
旅行的汉堡包,80,0,0,0,这个季节的巧克力工厂，除了浓郁的巧克力甜香，还有缤纷色彩的鲜花开满整个景区，心情也会跟着变得美丽，景区不大，价格小贵了点，风景总体来说不错,2017-10-26,
M19****787,80,0,0,0,亲子游不错 免费巧克力吃吃。就是有一个辣巧克力特别辣 受不了 小孩子玩巧克力制作挺好。最好六七岁的可以独立完成了挺好的。这里环境还可以 空旷 小火车溜达一圈 时间自己安排好。不浪费等待时间,2018-02-26,
288****000,100,0,0,0,大部分都是室内游玩，有孩子玩的diy，也有大人休息的地方，有代金券买巧克力比较划算。送人很漂亮。,2018-02-22,
135****7720,100,0,0,0,虽然那天去的下雨了，但还是很开心，进门就坐了小火车，孩子们很开心，进去到工厂店又免费品尝了各种巧克力，参观了咖啡豆的旅程，出来又做了巧克力，玩了免费的室内游乐园，这半天真棒。,2018-02-22,
_WeCh****40563,100,0,0,0,小镇相对比较偏，自己开车还是挺好找的，停车场也够大可以不用担心停车问题，园区还在建设，如果建设完成应该很不错，小朋友特别多。推荐亲子游，diy买一张就够，巧克力味道确实不错,2018-01-01,
小金2012,100,0,0,0,有吃有玩，携程上订票，性价比高，吃得较贵。总体满意。,2017-05-30,
M48****162,100,0,0,0,蛮不错的可以互动和参与私人定制的巧克力工厂旅游，很适合小朋友，里面可以免费品尝各种巧克力。,2018-02-18,
雪里松,100,0,0,0,带小孩玩的很开心，还制作了巧克力，寓乐于教，很不错,2017-12-17,
jiajia_1024,100,0,0,0,网络上提前订票和现场购票价格确实差蛮多的 景区虽然有点偏 但是人气还是很旺的 游玩的家庭非常多 小火车和巧克力DIY是热门项目 童车基本可以无障碍通行 还是不错的,2017-10-07,
小豆儿,80,0,0,0,适合幼儿园小朋友，太阳还是很晒，并没有成片的花海，,2017-09-17,
135****4993,100,0,0,0,非常不错，休息区有热水，充电器，沙发。 河边有救身圈，虽然河很浅。 强烈推荐，有机会还来,2018-02-25,
137****8522,100,0,0,0,玩得很开心，女儿很喜欢KTDIY巧克力，完胜✌️,2017-10-03,
D16****197,100,0,0,0,可可森林没去成，拍了一个大可可 总的说来还是值得去，diy出来，看到一个小孩子哭着不肯走,2018-02-22,
M25****3240,100,0,0,0,亲手做巧克力还是很开心的！如果有机会一定再来！,2018-01-21,
M22****2388,100,0,0,0,人很多，需要排队，不过很有序，童话乐园，寓教于乐，DIY小朋友很开心，还不错的体验。,2018-02-17,
M50****863,80,0,0,0,东西比较少，但是小孩子玩的还挺多，.蛮好的,2017-11-28,
M10****445,100,0,0,0,小家伙玩得很快乐，特别是淘气包，做巧克力！,2017-10-05,
xia****bing,100,0,0,0,感觉还不错，很适合小朋友一起，晚的很开心,2018-03-05,
萨那可么咯内,80,0,0,0,适合孩子玩的好去处，其实大人也挺开心的，因为有各种各样免费的巧克力试吃，辣椒味的是第一次吃，味道还不错呢。生巧口感很棒，小朋友最爱的是巧克力喷泉，配的手指饼干也很松脆。市政厅楼上有一个儿童游乐场，虽然不是很大，但是一般室内游乐场的基本配置都有了，小朋友玩得很开心。不足的是餐饮除了西餐厅没有别的选择，性价比不高。另外，我们是冬天去的，还下雨，车子不能开到里面，停车场有点远，冒雨冷嗖嗖地走过去感觉不太好，坐小火车更是360度无遮挡的风吹雨打，所以建议天热的时候去吧，听说还有花海，体验应该会更棒！,2018-01-23,
cd****3,100,0,0,0,很好的一次体验 小朋友玩的很开心 以后还会来,2018-01-09,
139****6029,100,0,0,0,和小伙伴一起来玩，挺有意思的，很多幼儿游乐场，还可以免费试吃巧克力，坐下火车漫游,2017-12-31,
林大谷,40,0,0,0,油菜花和薰衣草还算漂亮。巧克力可以试吃，但参观时间是并不是按计划单上而是工作人员说了算的。并且除了几个滑滑梯没有其他什么可玩的，对不起门票这价格。小火车说是一个小时一班然后其实就是人满了就发车，感觉又被工作人员忽悠了……,2017-04-03,
TONGCHENG_USER,90,0,0,0,1了解巧克力制作全过程，涨知识。参观途中还有巧克力尝，味道真不错，特别是牛奶味的。里面有体验区，可以自己制作纪念巧克力，价50元，小孩可以动动手。 里面的商场买点巧克力挺好，很实惠。 外面景色不错，还有拍婚纱照的。 值得一玩。,2015-10-11,
M14****278,60,0,0,0,一般般吧。今天是周末，人还是蛮多的，可以品尝一些巧克力，给了一张满50减20的券！总体来说价格偏贵。小孩子玩玩还可以。,2017-12-24,
m22****94,100,0,0,0,很大，设备很新，巧克力好多呀，今天出游天太冷了，春秋天力气很不错！小朋友很喜欢,2017-12-17,
158****8304,100,0,0,0,小镇很棒，小朋友玩的很开心，里面巧克力卖的不贵，适合买来送人，有机会还会再去的,2017-11-21,
M21****334,100,0,0,0,去的时候天气很好，花的海洋，小朋友看做巧克力的流程，还自己做了巧克力，非常开心,2017-10-09,
斯拉万月,100,0,0,0,小镇挺大，天气好，孩子们玩得很开心！,2018-02-26,
M19****530,100,0,0,0,环境整洁，工作人员服务态度很好，小朋友非常喜欢diy项目，值得一来，很喜欢！,2018-02-21,
Cindy_yu,60,3,3,3,景色一般，其实就是个巧克力加工厂供小朋友参观。自己动手做巧克力相对有些趣味性,2018-02-20,
M40****375,100,0,0,0,有的吃，有的玩，小朋友们开心极了！！,2017-11-26,
134****7636,100,0,0,0,小镇整洁干净漂亮，可惜今天风太大，只好在室内玩一下。屋内都是巧克力的香味。,2017-12-24,
_WeCh****01701,100,0,0,0,很美，巧克力吃饱，还自己做了还买回来了。里面很美，适合摄影，是婚纱摄影基地,2017-04-30,
摇摆天平,60,0,0,0,没有氛围，也可以说是个极小的公园，唯一坐了趟小火车，吃了几颗巧克力，别的真没有，就算是DIY巧克力，也纯属自力更生,2017-03-08,
M25****062,100,5,5,5,带孩子去玩，虽然有些地方还在装璜，孩子能自己动手做巧克力，孩子们很开心。,2018-02-19,
来自猩猩的你,100,0,0,0,亲子游好去处，在了解巧克力历史的同时还可以免费品尝好多好多的巧克力，还会来，圣诞期间的巧克力永远是最美味的巧克力,2018-01-01,
_WeCh****88009,100,0,0,0,第二次来了，好玩，有趣，品种多。,2017-08-28,
M46****475,100,0,0,0,大年初一11点才开门，等了好久，不过小朋友对制作很感兴趣，圆了他的梦。,2018-02-16,
139****6029,100,0,0,0,对孩子来说挺有意思的一个地方，很开阔，可以参观流水线，可以diy巧克力,2017-12-31,
110****687,100,0,0,0,带孩子和小伙伴一起来玩，下午两点多到的，一个市政厅就玩了好久，然后工厂巧克力吃到饱，四点半就关门了，其他地方来不及玩，总的来说还是挺不错，巧克力也便宜,2017-12-30,
出趟门真心不容易,80,0,0,0,其实就是带小孩子参观工厂，顺便买一堆巧克力的过程，去的时候是夏天，太热了，就直接去工厂里，参观了一下，自己动手坐了一下，然后买了一大堆巧克力就回家了。,2017-09-02,
M52****548,80,3,4,4,冬天去，很多景色都显得一般，但制作巧克力，坐小火车孩子们都挺喜欢的！,2018-02-27,
M22****2388,100,0,0,0,还不错，人多但有序，小孩很开心，有巧克力试吃，味道很好。DIY挺好玩,2018-02-17,
M28****348,80,0,0,0,景区内有小火车，绕景区游览一圈。有免费巧克力供游客品尝，孩子和家长可以自己动手制作巧克力，参观巧克力工厂，最后孩子还可以去儿童游乐场玩，也是免费的。,2017-08-24,
M30****283,100,0,0,0,地方好找 带孩子去玩的 很大的 参观了巧克力的制作车间 还品尝了各种口味的巧克力 还亲手做了巧克力 坐了坐了小火车 不错的体验 里面很多地方适合拍照 不错 整体很满意,2018-03-02,
m22****94,100,0,0,0,很大，设备很新，巧克力好多呀，今天出游天太冷了，春秋天力气很不错！,2017-12-17,
134****0260,80,4,4,3,门票便宜，对小孩来说动手做巧克力也很有趣。不错,2015-08-10,
288****000,100,0,0,0,适合小孩子玩，里面的服务都很好，巧克力很漂亮，有了代金券也不贵。,2018-02-22,
190****153,100,0,0,0,有的吃可以玩又长知识的好地方！虽然去的时候有点下雨又有点冷，但是大部分时间在室内，一点也不影响娃玩的热情,2018-01-29,
M19****787,80,0,0,0,带小孩子玩不错。天气好 装饰颜色亮 拍照不错。巧克力制作还可以小孩子玩的开心。还有免费吃巧克力。不要贪吃哦。因为自己贪吃一个辣巧克力。结果实在太辣,2018-02-26,
旅行的汉堡包,80,0,0,0,参观过几次，第一次体验巧克力DIY制作，宝宝非常认真的完成自己的作品，玩得很开心，就是价格有点小贵吧！,2017-12-18,
M26****801,80,0,0,0,小镇地方不大，一会就玩好了，巧克力是跟在介绍的工作人员旁边，一边听介绍一边吃，几块一吃什么味道也不知道了，甜腻了，最后一块辣的巧克力味道特别,2018-02-22,
Charleswilliam,100,0,0,0,带孩子玩玩是不错的选择，大人单独来就没有意思了。基本上玩的就是小火车，DIY，参观工厂吃巧克力，然后就是购买巧克力，大概3到4小时结束了……,2018-02-18,
汤圆汤圆,100,0,0,0,环境优美，有小火车坐，diy，花海。午餐可以在里面解决，味道还不错。有许多儿童乐园设施，室内室外。遇到许多孩子去那春游，天气好去那玩很推荐。,2017-03-27,
e12****27,100,0,0,0,宝宝很喜欢，就是吃饭贵了点，花海还没弄好，弄完应该很好看,2018-03-04,
tan****ure,60,0,0,0,带小盆友过去体验巧克力DIY的，小镇整体不大，有免费的小火车可以坐，环绕一周。里面鲜花很多，是个婚纱照外景地，真正参观的地方集中在一小块，小盆友玩也够了，可以免费品尝巧克力。,2017-12-22,
M40****375,100,0,0,0,巧克力的甜蜜，浪漫的景致，这是一个大人小孩都喜欢的地方,2017-11-26,
随疯摇曳,100,0,0,0,来的比较早，总体感觉不错，巧克力DIY孩子很喜欢。,2018-02-25,
西瓜,100,0,0,0,场地挺大，还有小火车，了解了巧克力制作工艺，试吃了好几个品种巧克力，还亲自DIY了一份，冬天外面比较冷世外项目没去，餐厅味道也可以,2017-12-25,
M22****2096,100,5,5,5,风景很好，巧克力也好吃，买了不少巧克力送人，挺好的,2017-12-23,
妞妞,80,0,0,0,体验做巧克力，坐坐小火车，拍拍风景照，还是很不错的,2017-10-07,
118****354,100,0,0,0,很适合幼儿园及低年级小朋友 室内有空调 下雨天也不怕,2018-02-20,
hzxsll,100,0,0,0,每个小孩子都喜欢巧克力，虽然下雨，但很多都是室内的，值得一去的地方，,2018-01-08,
果冻9271,100,0,0,0,好了？我在想我了！好吗！好吗！我在我心里你永远是你最想做人要厚道哦！好好看看这么多年前在百慕大三角洲和你说过一句话的时候了、这些,2017-10-08,
189****3305,100,0,0,0,制作DIY巧克力，参观巧克力工厂，各种巧克力免费品尝，淘汽堡，放风筝……很适合亲子游……,2017-04-04,
M39****058,100,0,0,0,多数适合小孩子去玩耍，不过巧克力diy很有意思,2018-02-24,
205****106,80,0,0,0,小盆友玩的很开心，自己动手DIY制作小汽车巧克力，很不错的一次游玩,2018-01-27,
M25****062,100,0,0,0,地方没有建好，有些设施没有维修，巧克力还是不错,2017-08-21,
M33****526,100,0,0,0,很值得一去的地方，有一片很美丽的花海，工作人员都很热情。参观了巧克力工厂，感觉非常好，可以凭票免费坐一次小火车，非常愉快的旅程,2017-04-08,
_WeCh****73128,80,0,0,0,小孩子来玩是一个不错的地方。人还好不是跟多。,2017-10-03,
咻咻2013,100,0,0,0,陪着老婆孩子过了一个很愉快的六一，非常棒，里面有巧克力的知识，有好吃的巧克力，还有一个儿童乐园供孩子们玩耍，真不错！周边游挺棒的！推荐学前儿童游玩一下，亲子游很棒！,2017-06-02,
M24****6155,100,0,0,0,适合带小孩子玩，巧克力不错，还可以坐小火车,2017-11-27,
M10****229,100,0,0,0,干净，漂亮，关键人还不多，亲子旅游好地方。,2017-08-13,
_WeCh****41631,80,0,0,0,巧克力diy还是不错的，就是难度可以加点,2018-02-21,
雪里松,100,0,0,0,亲子游很不错，了解了巧克力制作过程，从原料，采集，加工，既学到了知识又休闲了一番,2017-12-17,
悠然阳,100,0,0,0,提前一天在携程订了票，本来小孩子就不到1.1米可以免票，但是冲着有DIY，还是订了家庭票，总归比直接现场买要便宜许多。去的时候人不多，停车也方便，就是短驳车不开要自己走进去。正好赶上一场讲解，边听边看还边吃巧克力，一定要走慢点，不然来不及吃巧克力……DIY有时间场次，热的软巧克力真心好吃，做好要等一个多小时才能取。二楼有个儿童乐园，有身高限制1.3米。一楼有餐厅跟工厂店卖巧克力。,2017-11-24,
_CFT01****0389896,60,0,0,0,去的那天正好下雨，又逢周一，园里几乎没有人，门票能做一次小火车，还有巧克力工厂的50减20的券。由于下雨，就参观了一下巧克力工厂，有专业人员讲解，有试吃。服务还可以，孩子在儿童乐园玩了一圈，基本就没有什么好玩的了。五十多快的门票性价比不高，如果正价票就没意思了。,2017-11-20,
塔吉米儿,80,0,0,0,停好车经过一片偌大的香草园，巧克力小镇几个字印入眼帘，话说进门这片香草园确实很美，紫色曼妙，我开始还以为是薰衣草. 门口是葫芦娃阵势和音乐，说是不久刚办了葫芦娃主题活动. 占地规模还是很大的，从地图上看内容很丰富，除了参观的巧克力加工成品的工厂、巧克力历史博物馆、亲子互动制作、贩卖区，其余都是绿被植物跟公园差不多. 乘小火车转一圈，还有几队新人外景婚纱拍摄，听说有酒店规划建造，有非常多的空地还未开发完成，造完全后应该是个不错的点.本来想给三分，因为好些没有造完，但小朋友玩的很开心，做了巧克力、集章拿了巧克力、试吃了巧克力还买了一堆巧克力.,2017-06-14,
hzxsll,100,0,0,0,不错的地方，适合带孩子玩，路程也不远，,2018-01-08,
205****229,100,0,0,0,挺好的，很大，拿着券还可以坐一次小火车，国庆期间人有点多，需要排队，有很多花海，很大的草坪还有很多滑滑梯，小朋友很喜欢,2017-10-08,
M23****423,40,0,0,0,没什么意思，就是一个卖巧克力的地方。,2018-02-28,
186****6125,40,0,0,0,人太多。导致做的巧克力不咋地。最后一步工序都省了，diy时一个自称老师的不停的催时间快到了，花了钱还不让好好做个巧克力！还好有为经理还不错。为他的举止点赞！,2017-10-03,
zhu****7949,100,0,0,0,了解巧克力的制作工艺，还能那丫DIY一份独一无二的巧克力，小朋友玩得很开心！,2017-05-30,
206****805,100,0,0,0,好好玩，带团队去的，工业旅游做的很好,2017-03-31,
105****199,80,0,0,0,小朋友喜欢巧克力工厂，有的吃有的玩,2017-11-23,
288****749,100,0,0,0,不错的，花海很漂亮，做巧克力diy也很好，要等一小时才能拿到自己做的巧克力,2017-10-29,
300****491,100,0,0,0,总体来说还是不错哒，DIY赞赞赞！,2017-04-08,
m09****31,100,0,0,0,里面很大 环境好 很适合亲子游 里面的巧克力味道很好 还可以看到巧克力的制作过程,2018-02-20,
189****3052,100,0,0,0,比较小，适合宝宝玩，大概3小时，有小火车，试吃巧克力15种。中饭比较贵，我们去了嘉善的银泰百货，又玩了好久，不错,2018-01-03,
M26****612,100,0,0,0,周末，带小孩子玩玩还是比较不错。,2017-11-12,
M42****603,100,0,0,0,感觉挺不错的 之前看到评价说性价比不高还很犹豫要不要去 后来去了之后感觉风景特别好 适合带小朋友去玩一玩 就是吃的太少了,2017-05-07,
散落的玫瑰,100,0,0,0,很有意思的地方，小朋友很喜欢。,2018-02-27,
_bbc****22302,100,0,0,0,适合带着小朋友们去玩，里面地方很大，风景很好，小朋友玩的地方也挺多的，有室内有室外，不足的是停车的地方有点远。,2017-10-08,
186****6125,60,0,0,0,环境不错。但diy太差，为了钱，工序都可以省了吗？右边盒自己做的。都不说一声会做成这样，也不知道挂一下。整理下！为了钱什么都可以不要了吧。差，差，差！,2017-10-03,
食汇阿新,20,0,0,0,再也没有遇到这么糟糕的旅行了，饿着肚子，没有空调，还漏雨，做不了diy,2017-08-21,
sweetsanmao,100,0,0,0,适合夏天带孩子参加，大部分项目在室内，室外永远洋溢着葫芦娃葫芦娃音乐和欧式建筑风格的建筑，有不少新人在拍婚纱照,2017-05-29,
E54****391,80,0,0,0,适合春天亲子游！蓝天白云花海！,2017-04-03,
TonyFwy,100,0,0,0,地方蛮大的，室内游乐适合这几天的阴雨天气。里面学习了很多关于可可的制作，很有知识性和趣味性，停车免费且方便！,2018-02-20,
_WeCh****34202,100,0,0,0,很开心的一天，门票很实惠，还带有diy，很棒的体验，充实的一天！！！,2017-12-23,
M43****162,100,0,0,0,春天去玩的 那时候还放风筝呢?,2017-07-12,
M73****69,100,0,0,0,不错的地方。 希望越做越好。,2017-12-26,
M49****556,100,0,0,0,宝宝说真心喜欢歌斐颂巧克力小镇，5周岁生日正好在哪做了一个手工生日快乐巧克力。还买了好多巧克力回家送亲戚啦,2017-11-22,
M39****453,100,5,5,5,带着孩子一起去的，也就试吃的巧克力多点，其余的没什么好玩的，总得来说性价比不高，孩子还做了手工巧克力挺好玩，里面的服务态度不错,2017-07-31,
Superbe,80,4,4,4,、是国内首家集巧克力生产、研发、展示、体验、休闲度假于一体的巧克力工业旅游与主题乐园相结合的特色旅游产品。 一幢幢欧式建筑充满着浪漫、清新的异国情调,2015-08-08,
_CFT01****7234743,100,0,0,0,天气好的时候带着小孩一定有意思 也迟到了很多有特色的巧克力 辣味巧克力真的是想不到的味道 活动的东西也还在增加,2018-03-07,
M22****2096,100,0,0,0,和朋友一起去的，一进去大多是亲子出游有点尴尬，但后面就觉得来值了,2017-12-23,
205****132,80,0,0,0,非常非常一般吧，景点就是一个所谓的巧克力大卖厂，或许去的是下雨天，个人不是很推荐，反正不会去第二次了！,2018-02-24,
M15****60,80,0,0,0,小镇创意还是不错的，如果小镇再大点，再有个巧克力酒店就好了。,2018-02-21,
岽林子,60,3,4,3,面积不大，门票价格偏高，性价比一般般吧。,2017-12-17,
_WeCh****98120,80,0,0,0,不错特地跟朋友来涨姿势，没想到还有讲解员讲解，真的是不虚此行,2017-10-20,
康溪大大,80,0,0,0,交通不是特别便利 园区内人不多 设施也不是很多 制作巧克力还是比较新奇的体验 游玩时间在两到三个小时左右,2018-02-23,
_ZFB20****0912139,100,0,0,0,不错的地方，小朋友可以做巧克力，做小火车，还有免费试吃，参观工厂，有机会还愿意带小朋友再去玩玩。,2018-02-20,
_CFT0****7776,100,0,0,0,巧克力小镇挺好的，有手工diy，还有参观巧克力工厂，里面能玩的不太多，巧克力挺好吃的，辣味巧克力很魔性，可以尝尝，环境不错，不错不错不错,2018-02-02,
_M13****0733,100,0,0,0,带孩子来玩，网上买票便宜，现场买70，可以玩大半天，儿子说下次还想过来，下次依然会选择携程购票。,2017-12-23,
M41****308,100,0,0,0,很好玩，有的玩有的吃，还可以做巧克力，小孩子很好的体验。,2017-06-18,
206****862,100,0,0,0,很有趣的亲子景点，可以坐小火车、可以diy巧克力，可以品尝美食，能玩好久，推荐大家带孩子来转转,2018-02-20,
118****988,100,0,0,0,非常好的去处，巧克力工厂和旅游相结合，未来吃饭，农家乐加入会更棒，地理位置接近高速口，值得一去,2017-10-08,
M24****4034,100,0,0,0,歌斐颂巧克力小镇里面有很多小朋友可以玩的，坐火车，做手工巧克力，我家宝宝玩得很开心，值得一去。,2017-10-05,
ned****yc,100,0,0,0,有很多种巧克力试吃，还有各种diy体验，小盆友很开心,2018-02-19,
gadflycn,80,0,0,0,价格太高，规模不大，说白了就是一个巧克力工厂，只是赋予了旅游的概念，作为工厂点子不错，环境还好，硬件太差，停电、甚至锁门，就是小火车不用排队，但是儿子挺开心，算是满意吧！,2017-09-09,
M10****569,100,0,0,0,非常值得去。花海美，巧克力好吃，还有手工制作，赞?,2017-06-04,
139****1706,80,0,0,0,还不错吧。孩子们在游乐场玩的比较开心。我们的孩子小没去diy，大点的小朋友可以去。巧克力挺好吃。感觉项目一点。周末小学生比较多。,2017-12-10,
_WeCh****96314,100,5,5,5,女儿玩地很开心，既吃了巧克力，也参观了巧克力生产的全过程，很有意思，是一次很不错的旅行。,2015-10-02,
M49****556,100,0,0,0,天气不错，特意带着女儿体验亲手制作一个生日快乐巧克力，还品尝了很多不一样美味口味的。,2017-11-22,
M28****184,100,0,0,0,下雨天更有意境，等天气好了还要去玩，太漂亮了,2017-10-06,
M10****569,100,0,0,0,花海饱眼福，巧克力饱口福，还有手工制作巧克力做纪念。还有小孩子习惯各种城堡，太棒了！,2017-06-04,
M93****13,80,0,0,0,适合带小朋友一起玩，DIY巧克力还不错，还有一些没有开发好，如果天气热点来会更适合,2018-02-21,
M42****135,100,0,0,0,挺有特色的地方，原来巧克力有这样复杂的工艺和历史，孩子们挺喜欢的，还买了不少巧克力,2017-12-31,
食汇阿新,40,0,0,0,雨天停电，不能提供餐饮，大厅漏水，小朋友摔了二跤，要求退diy的钱，最后总算退到了,2017-08-21,
十月蕾儿,80,0,0,0,室内很凉快，室外火焰山。辣味巧克力比较新颖,2017-07-15,
320****369,100,0,0,0,好玩，小孩玩得兴奋不已，又品尝了那么多巧克力，晚上估计不用睡了,2017-04-03,
M44****051,80,0,0,0,地方很大，适合带小朋友一起玩，DIY巧克力还不错，春暖花开会更好看，项目少了点。,2018-02-22,
三白板条,100,0,0,0,挺好，有点偏挺好，有点偏挺好，有点偏挺好，有点偏挺好，有点偏挺好，有点偏挺好，有点偏挺好，有点偏挺好，有点偏挺好，有点偏,2017-10-09,
_WeCh****06097,100,0,0,0,值得带小朋友玩，儿子很开心，可以自己做巧克力还参观工厂，做了儿子最喜欢的小火车,2018-02-26,
E13****40,80,0,0,0,周二去的，人挺少的，买了DIY的票，宝宝可以做巧克力，建议去的话可以早点做因为等成品还要40多分钟，再去游玩其他设施！,2017-03-21,
288****749,100,0,0,0,很好，风景不错，巧克力diy也不错！,2018-01-21,
_WeCh****921931,100,0,0,0,还不错，带小孩制作diy，巧克力丝滑好吃，里面还有儿童游乐场，参观巧克力工厂，了解生产过程，还免费试吃各种口味巧克力,2017-12-18,
M22****7400,100,0,0,0,蛮好的，场地比较大，小孩子玩的很开心。巧克力也很好吃，还有押金玩玩具的，玩好了检查下，没有损坏的话不用钱，这个特别好,2017-08-12,
_CFT01****1427543,100,0,0,0,风景?优美，巧克力厨房的巧克力很香甜,2017-06-17,
_WeCh****57138,80,0,0,0,有得吃、有得玩，还能了解巧克力的制作及文化，不虚此行。西餐厅吃饭种类少了点，多开几家中餐厅丰富点选择多一点就好了好了,2017-05-01,
momo,100,0,0,0,五一来游玩，人不是很多，可以品尝巧克力，还有室内和室外游乐场，宝宝很喜欢！还可以乘小火车游览一圈！总体来说还不错的！,2017-05-01,
M23****9760,80,0,0,0,尝了好多巧克力，个人觉得生巧不错，DIY巧克力孩子很喜欢！值得周末亲子游！,2018-03-04,
_WeCh****41631,100,0,0,0,还行吧就是项目少了点，希望加点项目,2018-02-21,
小露2,40,0,0,0,这个工厂就是给小朋友参观的，基本去了一次不会去第二次的,2017-11-01,
_WeCh****79502,80,0,0,0,比较休闲，适合亲子，巧克力制作不错,2017-10-02,
天悬星河6K,80,4,4,4,还可以吧，巧克力小镇有点浪漫的味道,2017-07-24,
M10****569,100,0,0,0,大的玩得很嗨！真不错，说还要去呢！,2017-06-04,
贪狼1987,80,0,0,0,还不错，挺好看挺好玩的，还行的吧,2017-12-30,
_CFT01****2611495,80,0,0,0,里面可以做巧克力，孩子玩的很开心,2017-12-22,
205****150,100,0,0,0,可惜只能做一份。买贵了二十几块钱,2017-07-01,
M92****82,100,0,0,0,非常有趣，本来准备2小时搞定，没想到宝贝们玩得忘了时间，孩子们很喜欢！,2017-05-29,
118****968,80,0,0,0,地方很大，可能适合春天，市内除了一个参观和DIY，没有其他可玩的了。,2018-02-21,
_WeCh****658481,80,0,0,0,巧克力文化，比较有创意，就是停车地方离的有点远，小火车在那载客就好了,2018-02-20,
61****362,100,0,0,0,非常赞！小朋友很喜欢，diy巧克力超好吃～～花海漂亮，小火车萌萌哒～,2017-10-08,
_WeCh****464070,80,0,0,0,适合带小孩子玩，也就是些游乐设施，工厂转一圈20分钟不到就出来了。,2017-10-08,
周小白,80,0,0,0,有点小，带小孩子去玩玩，拍点照片可以的，毕竟距离近，门票也不贵，,2017-10-08,
M52****640,100,0,0,0,工厂很好玩，甜蜜童趣。广场上梦幻般浪漫唯美。有好多新娘在拍婚纱啊,2017-04-05,
e17****86,100,0,0,0,很适合亲子活动的，游玩时间也很宽裕，就是景点有点少，还在开发中,2018-02-22,
118****968,80,0,0,0,地方很大，有一大片绿地，可能适合春天游玩。室内只有参观和DIY,2018-02-21,
_U4****3691,100,0,0,0,距离嘉兴市区不是特别远，10月的景区花海依然繁花似锦，小火车穿越花海之中，让人难忘。工厂的巧克力品尝更是让人唇齿留香，最喜欢巧克力喷泉的味道。,2017-10-11,
M14****975,80,0,0,0,小火车不错，巧克力味道也挺好的，景点体验感觉少了点，有待开发,2018-02-19,
e08****62,100,0,0,0,很不错，已经是第二次来了，每次都是晚点去早点回，一天就过去了,2018-01-12,
isvvs,100,0,0,0,周日带着宝贝来的 除了天气比较冷 还有花海现在这个季节没看到 其他都很不错 宝贝玩的很开心 说下次还要来^_^,2017-12-21,
_WeCh****921931,100,0,0,0,里面有小火车可以坐，游花海，参观巧克力工厂，免费试吃各类巧克力，还有diy，儿童游乐设施，总体不错的,2017-12-18,
华-Rainbow,100,0,0,0,小镇不错的，服务各方面都可以，就是有点小！玩两个小时差不多了,2017-11-11,
134****1984,100,0,0,0,非常棒 适合小朋友游玩 由于宝宝太小 DIY不能做 但还是玩得很开心,2017-10-08,
M25****5886,100,0,0,0,工业和旅游结合得很好，外面还有片花田，春天的景色应该会很好,2018-02-25,
_WeCh****10209,80,0,0,0,还不错，小孩子玩的地方免费也蛮大的，买了很多巧克力，甜蜜年,2018-02-22,
_WeCh****658481,80,0,0,0,总体还不错，小火车如果可以在停车地方载客就好了，下雨待小孩,2018-02-20,
118****177,100,0,0,0,是个巧克力的生产工厂，周末去的，人还蛮多。 可以体验巧克力的制作过程，对小朋友来讲蛮有动手意义的。,2017-12-24,
_CFT0****6334,100,0,0,0,还是不错的，玩的地方也比较多。下次还是要来的。多弄些活动。,2017-10-07,
yi yii,100,0,0,0,还不错，适合亲子游，就是宝宝太小了，大点再带他来做巧克力,2018-01-01,
e10****85,100,0,0,0,小朋友自制的巧克力图案，漂亮的舍不得吃！还有漂亮的油菜花，那满眼的黄色，那香味，找到了春的感觉！,2017-04-04,
M24****9454,100,0,0,0,停车场很大，而且也不收费，diy还不错，孩子玩的很开心,2018-02-22,
m10****402,80,0,0,0,小孩子在里面diy了巧克力，做的很开心，下次有机会再来,2018-02-22,
brianboyan,100,0,0,0,小孩子很喜欢，掉进巧克力桶啦。还有花海，春天来应该更好玩。做巧克力，坐小火车，玩小滑梯，很开心,2017-12-30,
159****9472,100,5,5,3,巧克力很好吃，玩的内容少，小火车转了一圈一朵花都没见着，只有一片长满草的田,2017-07-07,
赵888,100,0,0,0,巧克力吃到撑，非常棒棒哒，非常值得一去，力顶顶顶顶！,2018-02-20,
神奇的土猪,80,0,0,0,孩子老人都很喜欢，就是离杭州有点远，里面拍照很漂亮。去的时候碰上几个学生团队，那个热闹啊哈哈,2017-11-14,
mi****uan,100,0,0,0,非常美丽的地方 还可以了解巧克力的历史，制作过程，最后自己可以DIY。整个行程设计得很人性化也很舒服，花海很美适合拍照。亲子游的好去处,2017-11-12,
E34****62,100,0,0,0,参观工厂，但是设备流水线都没开启，只能看看墙上的介绍。各种巧克力的试吃还是符合一个吃货的要求的。让孩子认知可可豆的生长与采摘，亲自参与巧克力的制作。小镇外围的环境不错，适合拍婚纱照的各种取景。,2016-06-27,
赵888,100,0,0,0,镇内容非富，非常棒棒哒，非常值得一去，力顶顶顶顶！,2018-02-20,
M22****1796,100,0,0,0,很好玩 人挺多的 有很多好吃的巧克力 还可以自己做巧克力,2018-02-17,
索非亚慧,100,0,0,0,一个还不错的景点，很适合亲子游。可以做小火车，园内还有儿童乐园，还有自己制作巧克力。参观的过程中还能免费品尝巧克力，总之非常不错。,2017-12-02,
M25****2590,100,0,0,0,游玩过程十分有趣，对巧克力的生产过程也增进了了解,2018-02-25,
赵888,100,0,0,0,带孩子玩，非常棒棒哒，非常值得一去，力顶顶顶顶！,2018-02-20,
带着孩子游天下,80,0,0,0,地方很大但是感觉还是设施一般，拍拍照片走马观花。,2018-02-19,
300****190,100,0,0,0,适合带小孩去玩，很多巧克力，还拿了几颗可可果留作纪念，冬天花都没开，春天景色会更美一些。,2018-01-01,
dfkevin,80,0,0,0,小朋友玩的很开心，风景不错，天气暖和点来玩更好！,2017-12-30,
m10****402,80,0,0,0,天气还好，里面人也不多。小孩子小火车坐的很开心,2018-02-22,
红舞鞋922,100,0,0,0,不错的活动，孩子们很开心，吃到了好吃的巧克力。,2018-02-18,
rita03080,100,0,0,0,小朋友玩的很开心，里面有做巧克力DIY，小火车等。风景夜不错，就是我们去的时候比较热。,2017-11-28,
_WeCh****040272,100,0,0,0,风景很好不错可以带小孩来玩一下在在做个巧克力,2018-03-04,
M54****955,100,0,0,0,环境很好，里面有很多游玩设施，非常适合小朋友,2018-02-18,
M10****290,100,0,0,0,适合带孩子或情侣游玩，春季百花盛开时节更好。,2018-01-01,
伪球迷,80,0,0,0,还行！小朋友比较喜欢，自己做巧克力！非常开心,2017-10-11,
_WeCh****935585,100,0,0,0,如果真能返现30元，价格就真的是很便宜呀！,2018-03-02,
M16****604,100,0,0,0,巧克力口味品种很多，一次吃到爽，好甜好甜！,2018-02-24,
揭西迪姆,80,0,0,0,带小朋友去，总体不错，有小火车，有游乐设施，就是蛋糕制作互动，团队和散客有区别，有位置也要等，区别有的，价格难道不一样么?,2017-10-15,
667799,40,2,2,2,有点鸡肋的景点，其实中国人就要有中国的特色,2016-08-04,
M16****604,100,0,0,0,DIY制作很好玩，小朋友和大人都很喜欢！,2018-02-24,
M25****692,80,0,0,0,地方不是很大，感觉还可以，小孩子比较西关,2018-02-22,
E14****99,100,0,0,0,有小朋友的值的去，各种巧克力吃的可开心啦,2018-02-22,
crystalqi,80,0,0,0,带小孩子去玩的，还不错，有的吃，有的玩。,2018-02-17,
嘟嘟小小宝,100,0,0,0,不错，已经去过好几次了，小孩子玩的很开心,2018-02-11,
ces0305,100,0,0,0,蛮好的体验，人不算多，小火车很好，小孩子玩的兴起，携程网上购票比实际售票要便宜。,2017-12-30,
小娃嘿,100,0,0,0,还不错，离上海比较近，挺好找的，适合自驾,2017-10-08,
_WeCh****85486,80,0,0,0,玩的有点少，再加点小动物什么，应该还会好,2017-10-08,
skybaby0923,100,0,0,0,里面很适合小朋友去玩。有免费得巧克力可以吃，就是小火车需要等待的时间有点长，不错,2017-10-02,
135****1630,100,0,0,0,小火车印象深刻，景色很美，很适合拍婚纱照,2017-04-25,
阿绍爷,100,0,0,0,美丽的小镇，幸运的巧克力，舒服的暖暖春日,2017-04-03,
shu-yin,80,0,0,0,路标不是很明显，到大路口，也没看清楚。 最后还是问了当地人才知道。 一条小路一直开底，旁边有好几个别的乐园，什么虫虫啦！ 里面也不是很大，换票太慢，总体来说，一般般，主要是为了儿子去逛逛！ 西餐厅在出口的地方，中午吃饭人山人海，服务员都来不及。 还吵架了，差点动手！ 有待改善服务！！！！！！！！！！！,2016-06-30,
TONGCHENG_USER,90,0,0,0,今天天气很好，正好没有太阳，在户外逛是最好不过了，这边现在很多户外设施还在搭建，所以就拍拍照，闲逛了一会儿，室内的巧克力制作还是蛮好的，还参观了巧克力工厂，总体来说还可以吧，因为蛮近的，所以以后还会考虑带孩子来逛逛，顺便品尝一下口味不错的巧克力！,2015-08-21,
TONGCHENG_USER,90,0,0,0,歌斐颂巧克力起源于比利时布鲁塞尔，由巧克力大师Joseph Draps 一手创办，并以传说中尊贵的Godiva 夫人命名，至今已有超过88年的历史。有巧克力中的劳斯莱斯之称。国内的实体店不多，中小型城市都还没有，也是比较贵的牌子，巧克力文化也博大精深啊,2015-08-10,
TONGCHENG_USER,100,0,0,0,我从上海过来，真的很方便。园区不大也不小，一进去就是不销量的手指饼干，可以自己蘸黑白巧克力，很美味。然后沿线参观生产包装环节，是真正的员工生产，非作秀。然后是介绍可可豆的生产，收获以及如何变成巧克力。还有个小电影介绍。之后进入巧克力私人定制，可以自己制作巧克力，五十元，可是那块巧克力就已经很大了，所以我觉得不贵，而且很规范。大概半小时后可以取。还有明信片，三元一张，很美。再继续前行就是水果巧克力糖葫芦，听着就流口水了吧。只要十元，现场制作。旁边就是婚礼系列。楼下是巧克力超市，悄悄告诉你，比网上的旗舰店还便宜，太不可思议了。一楼还有巧克力厨房，手工甜品。室外有很多流行的愤怒的小鸟，射击，还有秋千。很不错，70也值的。,2015-08-09,
南岛西海岸淳于髡,60,0,0,0,一眼望去全是巧克力制品，儿子开心的大叫,2017-10-21,
M32****484,100,0,0,0,很好，还有免费的小火车玩，小火车非常棒,2017-10-08,
M37****651,100,0,0,0,马马虎虎，还行吧，小孩子玩的开心就好！,2017-09-19,
lugu****704,100,0,0,0,非常不错的地方，就是去的时候天有点热，巧克力都化了，不容易携带，制作还是不错?,2017-06-08,
kenwang,80,0,0,0,小孩子玩得很开心，适合全家一起去玩。,2018-02-24,
M23****7698,100,0,0,0,真的很好，小朋友的天地，孩子很开心！,2018-02-18,
e08****62,100,0,0,0,带娃来玩跟推荐，可以玩一天，也不会累,2018-01-12,
M42****022,100,0,0,0,很好玩 做的巧克力孩子很喜欢 景色不错,2018-02-20,
M42****022,100,0,0,0,孩子很喜欢 景色也不错 不下雨的话更好,2018-02-20,
红舞鞋922,100,0,0,0,做巧克力小朋友很有兴趣。不错不错。,2018-02-18,
137****7740,100,0,0,0,很棒哦，下次还会来，很好的体验！,2018-03-01,
M45****591,80,0,0,0,很适合小朋友去玩 而且风景也很不错,2018-02-25,
M25****692,80,0,0,0,巧克力比较有吸引力，小孩子很喜欢,2018-02-22,
M25****8862,100,0,0,0,还不错，过年人不多，适合小朋友。,2018-02-19,
320****568,100,0,0,0,带小孩子玩很好，巧克力美味又便宜,2018-02-19,
M95****27,100,0,0,0,适合带孩子去，有大片的百日草波斯菊可以拍照，小火车坐上的感觉很好，手工做巧克力孩子也喜欢，巧克力价格不贵，味道好,2017-11-15,
浪迹天涯,80,4,4,4,很不错的，景色宜人，趣味也可以。,2017-09-11,
135****6209,100,0,0,0,带孩子去玩的 小孩到哪都开心的啦,2018-03-06,
zfloquat,80,0,0,0,还不错，就是小朋友玩的东西不多,2018-03-04,
137****7740,100,0,0,0,好！！！！！！！！！！！！！！,2018-03-01,
e05****25,100,0,0,0,游乐项目还不是很多，其他都很好,2018-02-28,
_shuc****58208,100,0,0,0,不错，小孩子很喜欢，管理也很好,2018-02-18,
M26****493,80,0,0,0,还行吧，diy巧克力挺好玩的。,2018-01-09,
M57****659,100,0,0,0,很不错的地方，宝宝们都很喜欢！,2017-12-26,
205****290,100,0,0,0,不错，宝宝玩的很开心，下次再去,2017-10-08,
M28****184,100,0,0,0,小镇很大，环境超好，值得再去。,2017-10-06,
151****8057,100,0,0,0,很高，很实惠，小朋友玩得超开心,2017-09-03,
135****6209,100,0,0,0,带孩子去蛮好的 小孩到哪都开心,2018-03-06,
M42****022,100,0,0,0,很喜欢 去的时候人不多 景色很美,2018-02-20,
NPNP,100,0,0,0,冬天没有花海，但乘坐小火车、参观生产线、DIY非常有意思，不虚此行！,2017-12-10,
冰冰的树,80,0,0,0,还不错 小孩子喜欢的 比youl,2017-12-10,
118****530,100,0,0,0,很有意思的小镇，适合小朋友，可以看工厂流水线，可以自己做巧克力，赞,2018-01-01,
M23****148,100,0,0,0,带孩子，挺好玩啊。自己动手做，又好玩又好吃。下次有时间可以再去体验,2017-12-31,
22****278,100,0,0,0,整体还不错，可以制作巧克力，孩子玩的很开心，天气有点冷，风太大了,2017-10-29,
小露2,60,0,0,0,女儿春游来过一次，除了参观流水线就是自己做几个巧克力，还算有趣吧,2017-05-25,
nyl****28,100,0,0,0,停车方便而且还免费，女儿玩得很开心，说下次等春暖花开时候还要。,2017-12-31,
_U4****3691,100,0,0,0,参观巧克力工厂的车间流水线，品尝手指饼沾巧克力喷泉的美味。这是一次孩子喜欢，大人开心的奇妙巧克力之旅。,2017-10-11,
cuismall82,80,0,0,0,地方比较近，所以行程也不赶和累！巧克力小镇适合小朋友玩的地方！,2017-10-09,
olive707,100,0,0,0,小镇处于长三角的中心，位置十分优越。处处洋溢着甜甜的温馨气息。,2017-05-26,
M44****861,80,0,0,0,景区到是挺干净整洁的，环境景色也挺漂亮的，小孩子玩玩还是挺好的！就是景区小了点，这70块门票似乎！！！,2017-04-03,
e06****27,80,0,0,0,景点比较偏，挺适合小朋友的，走走逛逛，室内还有小型的儿童乐园。。。人多的话制作巧克力就排很久的队伍。,2017-12-02,
e43****71,100,0,0,0,很好 就在家附近 很适合小孩子玩 巧克力好吃,2018-01-09,
sho****iong,100,0,0,0,工作日人很少，小朋友玩的很开心，品尝了很多不同味道的巧克力,2017-12-29,
Sunday,100,0,0,0,很适合小朋友玩 花海很漂亮 周末挺热闹的 很适合拍照 玩得挺开心的,2017-10-22,
E13****40,80,0,0,0,周二去的，人很少，略显冷清，一个园里就碰到3个小盆友，来拍结婚照的倒挺多的！怎么照片就是上传不了啊,2017-03-21,
Judy,100,0,0,0,非常不错，看到过巧克力制作的过程，品尝了很多口味巧克力。,2017-12-31,
小犹太,80,4,4,4,带小孩子去还是不错的，环境挺好的，了解巧克力的制作过程。还有表演可以看，或者自己做点巧克力也可以,2015-12-08,
TONGCHENG_USER,90,0,0,0,棒棒棒！一个字：棒。一路贴心的指路牌已是让自驾一族大加赞赏。巧克力工场干净明亮，萌萌的，很温暖，小活动很甜蜜，恰巧看到巧克力工场在给巧克力包装，蛮有意思的。细节之处可见很用心。,2015-08-23,
M17****388,40,0,0,0,游玩的地方太少，里面巧克力卖的太贵。对不起这个门票价格,2017-08-27,
hting,80,4,4,4,不明白为什么又叫歌斐颂？地图上跟本没有，害得找了半天。,2015-08-24,
TONGCHENG_USER,90,0,0,0,开始被百度地图带到了一片农田边，好在热心的居民给指了路。进入工厂，巧克力的香味扑鼻而来，整条流水线一路过去，还能免费体验热巧克力的浓郁口感，室外是大片的婚庆场景，总体此行满意,2015-08-23,
cao****ain,100,0,0,0,携程的亲子票超级划算的，小镇里的风景很美，巧克力味道浓郁，亲手制作巧克力的DIY也很有意思。,2017-04-02,
300****113,100,0,0,0,让孩子体验巧克力的制作，就是景点工厂娱乐项目少了点。,2017-03-06,
_M13****4378,100,0,0,0,很好的订票体验，非常方便，价格便宜。孩子玩的很开心,2018-01-07,
TONGCHENG_USER,90,0,0,0,很好玩的一个地方，整个小镇干净整洁，由于地方大，即使里面很吵，外面也还是很安静的。停车的地方还在修，不是很方便。带小孩去还是很好的,2015-10-05,
M26****708,100,0,0,0,带小子去玩超级好呢，巧克力展厅很漂亮，很有想法。,2018-02-06,
E15****69,60,0,0,0,总体感觉还行，应该先去做手工巧克力，做好之后要等一个小时的。一张家庭套票只能做一份Diy,2017-05-31,
e10****85,100,0,0,0,花海超漂亮，巧克力味道超级棒的说！很不错的体验。,2017-04-04,
200****690,20,0,0,0,根本还没营业能力，网上订票，没几个人！取票都半天,2017-04-03,
E18****73,100,0,0,0,还不错，吃的地方就一个需要等位，花开的季节很美,2018-01-06,
sweet0709,100,0,0,0,巧克力很好吃，让宝贝自己体验做巧克力很有意思~,2017-12-27,
206****109,100,0,0,0,挺好的，可以品尝巧克力，参观生产过程以及自己制作巧克力。还可以做小火车，小家伙很开心。,2017-12-03,
233****484,60,0,0,0,可以参观高度自动化的巧克力生产线，还可以试吃，可购买的品种也很多，DIY的时间很短，但是游乐项目太少，要是再多些活动内容就好了,2017-08-14,
320****157,100,0,0,0,总体感觉不错，带小孩了解了她喜欢吃的巧克力制作过程，有乐趣也有收获，非常不错的体验！,2017-10-01,
teno,100,0,0,0,摄影基地改的，天气好的时候去不错天热户外晒死。室内参观30分钟就看完了，可以试一下做巧克力但也很快，作品要冻一个小时才成型.,2017-07-08,
M42****603,100,0,0,0,感觉挺不错的 适合带小朋友去玩一玩 风景很优美,2017-05-07,
刚刚先生,100,0,0,0,强烈大家过去看看，特别是男同胞带上女朋友。,2017-02-16,
M19****765,100,0,0,0,太棒了！等春暖花开的时候下次一定还会去！,2018-01-02,
M42****860,100,0,0,0,总体感觉是小而精致，适合小朋友半日游玩。,2017-04-12,
阿绍爷,100,0,0,0,美丽的小镇，幸运的巧克力，舒服的暖暖春日,2017-04-03,
e14****59,100,0,0,0,很好太赞了{\rtf1\ansi\ansicpg1252 {\fonttbl\f0\fswiss\fcharset0 Helvetica;} {\colortbl;\red255\green255\blue255;\red0\green0\blue0;} \deftab720 \pard\pardeftab720\qj\partightenfactor0 \f0\fs36 \cf0 \expnd0\expndtw0\kerning0 \outl0\strokewidth0 \strokec2 \ },2015-09-30,
TONGCHENG_USER,90,0,0,0,比较简单，半天够了，地址有些偏，还好导航能到。一大早生产线没有开，正好有团队有导游讲解听听不错，自己看看会比较没意思。有巧克力水果、棒棒糖等，10元1支。楼下有巧克力商店、西餐厅、小小甜品师等，还有一个滑滑梯很受欢迎。有DIY巧克力想法的小朋友可以先制作巧克力，要50元，做好后需要等待40分钟才能取货，这期间可以玩玩滑滑梯。冰欺凌单球29元，双球49元，西餐厅价位下面有照片，环境整洁，厕所蛮干净的，工作人员态度都很好。12点30左右往回走再看生产线时，它开始工作了。总体来说没有DIY的话就没有什么吸引力了。,2015-08-20,
TONGCHENG_USER,90,0,0,0,在西塘过完一夜，睡到自然醒，驱车前往巧克力小镇，20公里不到的路程，很好找，沿途都有指示牌，看着巧克力生产的全过程，还有一些自费的体验活动。价格不贵，90克DIY巧克力方块，配料自选三样，合计50一个，还有其他情侣活动，很不错的体验,2015-08-10,
TONGCHENG_USER,90,0,0,0,是一个工厂辟出来一块地方，介绍巧克力的从可可豆开始的整个过程，有免费的巧克力喷泉可以品尝，有手工DIY（自费），最钟意十块钱一串的巧克力糖葫芦，巧克力包着各种水果，好吃，孩子巧克力吃high了。中餐厅虽然选择不多，但是很干净菜味道也不错，价格也不贵。可惜天气太热，不然外面也挺好能逛逛，有很多新人顶着高温拍婚纱照。,2015-07-27,
TONGCHENG_USER,100,0,0,0,端午节带女儿过来玩，这是里是个不错的选择，长见识，开眼界，了解巧克力的制作过程，还可以自己动手制作喜欢的巧克力，寓教于乐，绝对是小朋友最开心的场所。另外，这里环境也不错，外面风景秀丽，天气好还可以在绿地上好好玩玩，亲子好地方！,2015-06-20,
e23****21,80,0,0,0,作为家庭亲子游，还是可以的。让孩子们看看巧克力的制作流程也挺好。但当日前去很遗憾没看到，好像还在放假期间。整个工厂有介绍可可豆变巧克力的部分，类似第二课堂，也有制作巧克力的地方。但是很快就逛完了。从门票55，制作巧克力50的总价格来说，性价比低了一点点。,2015-03-10,
e17****95,20,0,0,0,去的那天没有开工，就看到停着的流水线，没有意义。比较坑的是私人定制，50块一份，一开始我们以为是在巧克力上打字，结果买完单说是在外包装上打字，那就不值这个钱了，而且还不能退（在没打印之前）。这么贵的门票进去以后，里面所有的项目（除了试吃）都要再花钱，而且比较贵。真心不推荐，去了一次不会再去！,2015-03-02,
fa****rea,100,0,0,0,第二次去了，宝贝很喜欢。适合小孩子玩。,2018-01-01,
Judy,100,0,0,0,好好玩啊，之后还会再来。游乐项目不错。,2017-12-31,
石榴旖旎,80,0,0,0,平日里去的，人不多，带着宝贝玩，还不错,2017-10-12,
南岛西海岸淳于髡,100,0,0,0,巧克力的天堂，小朋友的最爱，非常不错。,2017-07-21,
M58****659,100,0,0,0,景区很好看，也很好吃，自己动手很好玩。,2017-07-02,
M12****257,100,0,0,0,巧克力的海洋，小孩子很开心，还是不错的,2017-04-09,
TONGCHENG_USER,90,0,0,0,那天刚好阴天，阵雨过后很凉爽，园区不大，一眼能看过来，但很美很精致，尤其适合拍照，是婚纱摄影基地。巧克力工厂巧克力也很好吃，实在还有个滑滑梯，亲子游不错的选择,2015-08-27,
_WeCh****91021,100,0,0,0,玩的挺好，小孩子很开心，比较适合拍照,2017-09-26,
135****7432,100,0,0,0,可以免费品尝巧克力。小孩子很喜欢。,2017-12-29,
M23****4026,100,0,0,0,想吃巧克力的甜死你，各种各样的,2017-10-04,
huan****573,60,0,0,0,一般般，感觉还没有开发好，不值票价,2017-08-27,
啊吖哇,80,0,0,0,不知名的巧克力工厂，周围还在建设中,2017-04-23,
John470,80,0,0,0,人不多，市郊适合带小孩来玩半天！,2017-12-02,
M44****987,100,0,0,0,很不错的地方，自己制作巧克力，让小朋友很开心也很惊喜，半天游玩的好地方。,2017-11-26,
幸福星期六,100,0,0,0,还是比较适合小朋友玩的地方，推荐,2017-11-03,
M24****8195,60,0,0,0,还行吧，柴油火车是亮点，其他很一般，至于巧克力是我吃不出来，也不喜欢吃。,2017-10-06,
M12****901,80,0,0,0,很可爱很甜蜜的小镇，适合拍各种写真。巧克力工厂讲解太快，来不及品尝巧克力,2017-04-07,
武汉老龙,80,0,0,0,真心有特色的小镇，必须赞一个的了,2017-03-27,
dian,80,0,0,0,除了做巧克力，其他没什么特色。,2018-01-25,
M19****765,100,0,0,0,等春暖花开的时候下次一定还会去,2018-01-02,
cqqyxq,100,0,0,0,挺适合小孩子玩的，有童真的地方,2018-01-02,
cqqyxq,80,0,0,0,挺适合小孩子玩的，有童真的地方,2018-01-02,
Judy,100,0,0,0,小孩很喜欢玩，喜欢那个小火车。,2017-12-31,
159****5228,100,0,0,0,做巧克力小孩子还挺很喜欢的。额,2017-12-14,
M44****987,100,0,0,0,很不错的地方，虽然不大，带带小孩子玩玩还是蛮有乐趣，小朋友很开心就好。,2017-11-26,
M21****186,100,0,0,0,很好玩，性价比很高，适合亲子游,2017-10-06,
橙子好多肉,100,0,0,0,还算不错的，能参观，能吃能玩，寓教于乐，小朋友很开心，巧克力味道也不错,2017-09-03,
153****9936,100,0,0,0,周末一家三口去巧克力工厂还是不错的。里面孩子玩的设施齐全。可以带着玩一整天。托马斯小火车一直是孩子的最爱。冲着小火车去的，到那边发现其他的玩的也不错。,2016-09-26,
_WeCh****43069,100,4,4,4,可以免费品尝制作巧克力，有空可以带孩子来有时候还会有亲子游戏，还挺不错,2015-10-28,
188****5019,60,0,0,0,感受。额。。这个乐园其实就是一栋楼。。买票进去看流水线，可是流水线完全不工作。。看看可可豆全球分布。其余的就是坑小朋友。。一点点巧克力超级贵。如果有很小很小的小朋友，且不缺钱的话可以去看看。,2015-03-25,
joseph1202,100,0,0,0,不错 性价比超高 人气旺 玩得开心,2017-12-16,
M23****452,80,0,0,0,是去了西塘之后还有半天时间多，选择了这个地方。一个找宝模式让孩子们玩的很开心。乐园其它可玩的项目还是有点偏少，手工制作巧克力，和参观巧克力工厂，娱乐性较弱，整个乐园偏小，随便走走就没了。,2016-02-18,
109****978,100,0,0,0,走进巧克力工厂飘香四溢，里面的幼儿玩乐设施较齐全，带小孩值得一去,2017-11-15,
_YX1****950,80,0,0,0,还不错，了解巧克力文化，手工DIY，小火车。可以玩两三小时。票价,2017-11-04,
_YX2****009,80,0,0,0,人很多，国庆也正常，不过小朋友玩的很开心尤其是实在那个大象滑滑梯,2017-10-05,
Melody_gu,80,0,0,0,孩子很喜欢，做了巧克力，也吃了很多，景色很美，就是车位太少了……,2017-09-22,
TONGCHENG_USER,90,0,0,0,是一个工厂的参观线，可以了解了解巧克力的制作工艺。里面的巧克力学堂谱太大了，刚开始去说已经开课啦不接收新学员，然后结束了才说今天最后一场了，又没看成课。巧克力口感还算可以，买了几百块。,2015-08-23,
TONGCHENG_USER,90,0,0,0,很干净清爽又漂亮的地方，有一大片草地，还养了些小兔子，室内外的滑梯组合，都是小朋友的最爱，再加上美味的巧克力，自己买价格也还好，大点的孩子可以参与制作。去西塘順便开车去转转，值得一逛！,2015-08-21,
TONGCHENG_USER,90,0,0,0,景点完整介绍了巧克力的制作过程和可可豆的采集加工，知识性强而且直观。我们参观了4个小时。小孩也很喜欢巧克力的制作体验。可惜天太热，室外的风情美仔细看。推荐天不热的时候做为亲子游的景点。,2015-07-28,
cao****ain,100,0,0,0,很好的一次游玩经历，视觉、嗅觉、味觉的特别体验，浓郁的巧克力滋味久久挥散不去，小朋友DIY超级开心呢。,2017-04-02,
Cassiexu,100,0,0,0,环境不错，巧克力试吃，巧克力自己做产品，孩子很喜欢，可以去看看,2017-03-28,
137****4270,100,0,0,0,已经是第二次去了，依旧好玩的diy巧克力，免费品尝各巧克力，,2017-12-02,
TONGCHENG_USER,100,0,0,0,非常快乐实惠的一次游玩！和儿子从花香大道骑行过去，一路野花烂漫，巧克力工厂还要演出，儿子看的很入神，两个人还免费拿了40元巧克力，真值！,2015-06-10,
小酸爱dd,100,0,0,0,国庆去的，人比较多，位置稍微偏僻了点，带小孩玩一下还好,2017-10-29,
揭西迪姆,60,0,0,0,带小朋友去，有互动体验的项目，还有小朋友游乐设施，不错,2017-10-15,
M22****8411,100,0,0,0,主题公园环境优美，孩子特别喜欢，好玩、好吃、又好看。,2017-10-06,
M42****860,100,0,0,0,周末趁休息带小孩出游，适合半日游玩，自驾过去很方便。,2017-04-12,
随着心意走,80,0,0,0,巧克力生产，研发，展示，度假于一体的巧克力主题乐园。,2017-01-07,
TONGCHENG_USER,90,0,0,0,去的那天没什么人 可能是工作日的关系 有一个制作巧克力的工厂可以参观 但是机器没运作 旁边有巧克力可以试吃 外面是个绿化 景色不错 有好多拍婚纱照的 里面竟然还养了小兔子 里面的西餐厅不错 n,2015-08-23,
狐狸的小e,100,0,0,0,没想到这么大，里面内容很丰富，适合小朋友玩耍，做巧克力什么的也有趣。景观不错，可以拍拍拍。,2017-06-14,
_WeCh****664275,100,0,0,0,浓浓的巧克力香！！空气中都弥漫着浓郁的甜味！！！,2017-10-14,
_WeCh****493050,100,0,0,0,很棒啊，吃了很多巧克力啊，最主要是有帅帅的经理,2017-12-02,
M24****8195,60,0,0,0,一般般，都是人造景点，亮点也就是那柴油火车，@,2017-10-06,
300****257,100,0,0,0,地方挺大的，就是配套设施比较少，除了两幢房子，估计春夏季节会比较漂亮。冬天去，植物跟花都没有。巧克力味道不错。做巧克力比较好玩,2016-11-27,
欧欧欧欧宝,80,0,0,0,从杭州到嘉善，可以一天来回，所以选了这个乐园，不过就如妈妈说的大城市到小城市去，果然是各种觉得一般般，如果不是顺路不建议单独去,2016-10-07,
owenhe,100,0,0,0,如果有巧克力冰袋，那才能配套夏天巧克力购买！营销要为消费者考虑！！！唉！唯一遗憾的，所有的巧克力都花了！！！还没有到家前～～～,2016-07-29,
TONGCHENG_USER,100,0,0,0,成人票返券50，儿童票返20，不需购套票，用于里面私人定制50，小小甜品师50，还可购其他物品。午餐意面、炒饭、披萨、鸡翅等味道都不错的。唯一不满意的就是大门太难找了,2015-06-28,
TONGCHENG_USER,100,0,0,0,原本是周末带婆婆出门散散心的～结果出奇的好玩～还买了巧克力～棒棒糖～适合带孩子玩，也适合情侣约会！哈哈，里面吃的玩的都有，并不是传说中只有巧克力的无聊去处……值得哈皮,2015-06-02,
_CFT01****3849998,100,0,0,0,没有人，一元票，挺凉快，还送了几块巧克力，没有人，一元票，挺凉快，还送了几块巧克力，没有人，一元票，挺凉快，还送了几块巧克力,2016-07-26,
菜刀婆,80,4,4,4,以巧克力为亮点的景区，可是名字不是很大，来这里的游乐不多。主要是带孩子来玩的家庭。,2015-11-20,
M16****349,100,5,5,5,还不错，地方很大，我们去的时候人也不是很多,2015-08-31,
_WeCh****40346,100,0,0,0,取票方便，随订随腿。景区不错，孩子喜欢。,2017-04-29,
醉舞者,100,0,0,0,超爱巧克力的吃货们必去的地方。门票小贵。,2016-08-23,
M11****578,80,0,0,0,年初一，给心情放个假，去了这里，回到童真，回归童心。很满足，棒棒的工厂，生产线清晰可见，购物，手工平行走，就是地理位置偏了点，出入不方便，行走的力量一直在蔓延。,2016-02-09,
M67****38,80,4,3,4,还不错，设施也比较齐全，遗憾的是去参观时制作巧克力的机器都没开，还是值得去一下的,2016-01-18,
M16****357,20,0,0,0,首先整个巧克力乐园只造好了一点点，问题是一点点的参观工厂，结果因为没有订单，生产线居然没开，所以就是远距离看看机器。其他就是一些图片模型，楼下的diu贵的离谱。,2015-03-15,
woa****g15,80,0,0,0,取票很方便，里面吃饭的地方很贵，量很少,2017-10-14,
D23****825,100,0,0,0,第二次带小朋友来巧克力小镇了，很不错！,2017-10-03,
最后的牛仔,100,0,0,0,不错的体验，下次还会来，女儿表示很开心,2017-09-17,
M24****544,100,0,0,0,春天去会更棒，可以室外拍拍照，夏天太热,2017-07-19,
M40****593,100,0,0,0,物超所值 小孩子很高兴 过一段时间还会来的,2017-04-08,
M58****015,100,0,0,0,还不错。巧克力参观中的巧克力特好吃。还能自己亲手做一个属于自己的巧克力。很棒！,2017-03-26,
吴豆豆wjp,80,4,4,4,都是巧克力，叫的名字好听，实际不怎么样,2016-12-24,
_M13****4106,100,0,0,0,人好多，还好去的早，价格优惠，设施还不够完善大火车还没开起来。停车场太小了十一根本停不下。公共交通不是很好，适合自驾。,2016-10-05,
_CFT01****3354411,100,0,0,0,带宝宝一起去玩，就在周边，很方便，宝宝很开心，玩的不多，但对于本地人来说，就是一个放松的地方，要求不高。巧克力好吃的很,2016-05-01,
噜噜,80,0,0,0,好。。。。。。。。。。。。。。。。。。。。。。。。。。。。。。。。。。。。。。。。。。。。。。。。。。。。。。。。。。。。。。。。。。。。。。。。。。。。。。,2015-10-09,
TONGCHENG_USER,90,0,0,0,还行，带2周岁的女儿去还是有点累的，再大点可以做巧克力玩，不错的亲子游玩场所。,2015-10-06,
M54****013,100,0,0,0,带小孩去玩，比较实惠，玩的也蛮多的。,2017-07-24,
teno,100,0,0,0,适合大一点的孩子去，巧克力味道还行就是天太热容易化了。园区开发的还不够完善。,2017-07-08,
12345,100,0,0,0,嘉兴的巧克力小镇，随便去看看挺好的。,2016-10-03,
TONGCHENG_USER,90,0,0,0,蛮好的，场地比较大，小孩子玩的很开心。巧克力也很好吃，还有押金玩玩具的，玩好了检查下，没有损坏的话不用钱，这个特别好,2015-08-15,
106****733,100,0,0,0,工厂与旅游相结合，很好，很有创意！,2017-11-11,
rainsa_2009,100,0,0,0,环境很不错，带着孩子过来玩，很开心,2017-10-05,
rainsa_2009,100,0,0,0,很适合带小朋友过来玩，风景也很不错,2017-10-05,
D23****825,100,0,0,0,儿子钦点，要再次去一次巧克力小镇。,2017-10-03,
137****8866,100,0,0,0,宝贝乐此不疲，大人也深感欣慰，好评,2017-07-17,
tkbearing,100,0,0,0,环境不错，适合亲子游，建造还未完工,2017-03-30,
刚刚先生,80,0,0,0,这个属于后期开发得旅游特色项目吧。,2016-12-29,
海中静文,100,0,0,0,很不错的地方，巧克力很好吃，唯一的缺点就是价格贵了点，门票也偏贵，小火车排队太长，中饭食堂也太远了，不过还是不错的,2016-10-09,
_CFT01****9213265,100,5,5,5,哪里的巧克力有创新，味道还是可以的,2016-03-23,
_mbc42****3297467,100,0,0,0,孩子很喜欢，趣味性强，如果巧克力制作的流水线能工作起来就更好了，女儿认为DIY太儿科了，能够自己做巧克力而不是只按模型做个造型。但总体来说还是值得一行的。,2016-02-12,
黑麦子,80,4,4,3,巧克力知识普及，展厅很很漂亮，只是门票70有点贵，里面制作巧克力还要掏钱的,2014-12-27,
_CFT01****1443245,100,0,0,0,环境不错，是和朋友哦出去游玩娱乐,2017-12-03,
E00****38,100,0,0,0,很适合带小孩玩，动手做巧克力不错,2017-11-10,
233****058,100,0,0,0,带小孩子玩还不错吧，其他东西不多,2017-10-19,
M24****7805,100,0,0,0,非常适合小孩子的地方，DIY不错,2017-10-14,
M16****402,80,0,0,0,带着俩个小朋友去玩的，玩的很开心,2017-06-11,
_WeCh****965526,100,0,0,0,感受很好，里面很热闹，东西也不错,2017-05-28,
张婷婷,100,0,0,0,巧克力小镇很好玩，孩子很喜欢去。,2017-01-07,
林_好,80,0,0,0,很好，小孩子非常喜欢，我也很喜欢,2016-10-12,
201****223,100,0,0,0,有点小鬼贵说实话，里面的景不多的，也正在建设中，今后应该会不错，参观巧克力工厂概念还可以，周边设施再弄好点就好啦,2016-09-30,
TONGCHENG_USER,90,0,0,0,工厂很干净，占地面积大，了解巧克力的好地方，巧克力瀑布很好玩，可以免费试吃，还有赠送的巧克力，现场卖的巧克力也不贵，户外亲子小游戏少了些，玩玩也蛮开心的,2015-08-16,
E56****19,100,0,0,0,很好玩，小孩子可以diy巧克力,2017-10-26,
118****725,100,0,0,0,环境不错，适合小朋友游玩哦……,2017-10-22,
233****058,100,0,0,0,带小孩子玩还可以，其他东西不多,2017-10-19,
D23****825,100,0,0,0,小朋友很喜欢，所以第二次来了。,2017-10-03,
66****575,100,0,0,0,园内景色还不错，就是天热了一些,2017-07-25,
M16****402,80,0,0,0,带了俩个小朋友去的，玩的很开心,2017-06-11,
北爱琴海诸岛莉莎,100,0,0,0,门票有点贵。性价比不高。。。。,2017-05-30,
_WeCh****35505,100,0,0,0,适合亲子出行，总体感觉不错，。,2017-04-30,
110****430,100,5,5,5,蛮有特色的，小朋友们比较喜欢。,2016-09-24,
老蝈蝈,100,0,0,0,主要是孩子能学到点东西，见识了巧克力的诞生过程还能自己动手，至于景点吗，就是个前店后厂的格局，总之还行，离家近,2016-07-16,
dps小鱼,80,0,0,0,小孩子喜欢，第二次带他来了。估计他这下吃巧克力该吃过瘾了。大人一般，尤其不爱甜食的。景区绿化不错。门票价格偏贵,2016-06-13,
M58****576,100,0,0,0,很好哟 很楚楚楚一起来的 很开心,2017-11-26,
_WeCh****51288,100,0,0,0,不错 人少，适合带小孩子去玩。,2017-11-24,
TONGCHENG_USER,70,0,0,0,如果花原价70买票进去，就实在太坑爹了，地方不大，要玩都得另花钱，那地儿压根不该设门票，如果就想随便散个步，可以去去，如果当成乐园去玩，那真没啥花头,2015-08-31,
st****la,100,0,0,0,订购反应速度很快。现场订购，2分钟不到就发来了短信，赞。园区参观巧克力制作流程，还能免费品尝热巧克力，美味。小家伙们还自己做了巧克力和饼干，很开心。,2015-07-13,
_CFT01****0114321,80,0,0,0,没想到家门口就有个巧克力小镇，必须去看看，巧克力的原料制造过程等等都有说明，还展示了不同的可可豆，还能自己动手制作巧克力，非常适合带着小孩去玩的。,2016-01-04,
TONGCHENG_USER,60,0,0,0,没去过的人可以去下。参观巧克力制作到自己体验制作，最后在户外逛逛。参观的时候没有讲解员是个问题。据说只有团队有，整体感觉比较舒服。但也没什么惊喜,2016-01-03,
105****986,100,0,0,0,环境优美，小朋友玩的地方多多。坐小火车，还学做巧克力，不错的。,2017-04-30,
EILEENMA,100,5,5,5,带着宝宝去觉得值得，吃吃玩玩相当尽兴。园区工作人员态度也很好！,2016-02-08,
TONGCHENG_USER,100,0,0,0,超值的一次游玩，小朋友玩得很开心，巧克力也很好吃，还有木偶剧演出和小游戏。希望里面再多增加些儿童游乐项目和活动，这样以后会经常带孩子去玩的！,2015-06-01,
TONGCHENG_USER,60,0,0,0,交通闭塞，门票特价几乎不需要钱，但里面的餐饮或者巧克力DIY，及出售的巧克力价格都很贵，除了这些几乎也没有什么孩子玩的地方，只有一个滑梯。,2015-08-02,
M11****470,60,0,0,0,能看的东西很少40分钟就逛完了，大部分区域还在造 门票偏贵,2017-05-12,
二剪梅园,100,0,0,0,亲子活动，不错的选择，特别是做巧克力这个活动，小朋友特别喜欢，交通也很方便，高速路口下来没多久就到了，不过里面的免费互动活动相对少了点。,2015-09-13,
二剪梅园,100,0,0,0,亲子活动，不错的选择，特别是做巧克力这个活动，小朋友特别喜欢，交通也很方便，高速路口下来没多久就到了，不过里面的免费互动活动相对少了点。,2015-09-13,
TONGCHENG_USER,90,0,0,0,地方有点偏僻，自驾要有导航，乘车要走好远吧，去的时候下雨，到了雨停了，宝贝玩的很开心，环境很不错，还有拍婚衫照的，是一个孩子的开心乐园。,2015-08-17,
TONGCHENG_USER,90,0,0,0,风景不错，就是我们那天是”据说台风要来”时去的，没有几个人。工作人员带我们参观了巧可力工厂，自己diy了巧克力。小朋友很开心，风有点大。,2015-08-14,
兔公主,100,0,0,0,一次学习中的游玩，小朋友的游乐场也特别好，玩的很开心。,2017-04-30,
m12****873,100,0,0,0,巧克力乐园还是有意思的，DⅠY环节很好，小火车等的时间太长，不过国庆也是正常的，还有免费品尝哦,2016-10-05,
TONGCHENG_USER,90,0,0,0,一块钱的门票还是不错的，昨天也许是七夕的缘故人挺多的，要是天气再凉快点就好了，很适合一家人去n,2015-08-21,
TONGCHENG_USER,90,0,0,0,很满意的一次出行。全程轻松舒适。特别是户外安排的小游戏，小朋友们玩起来很开心。虽然天气很热，但是依然挡不住小朋友打小鸟、打水枪的热情！,2015-08-20,
大孔,100,0,0,0,超值优惠，，意料之外的划算，做了巧克力还带回不少。。。。地方还算好找，顺路去玩的，周边环境和配套一般。。离西塘和嘉善县城都不远。。。。,2015-07-04,
Qingfeng1976,100,0,0,0,宝宝非常喜欢，巧克力也非常好吃，关键宝宝自己动手做的,2017-05-05,
135****6762,100,0,0,0,小朋友很喜欢，适合亲子一日游，环境很优美，只是活动项目再多一些就更好了，期待新活动项目上线！,2016-11-18,
134****3760,60,0,0,0,如果不是带小孩，大人玩玩没啥意思。西餐厅的东西出乎意料的好吃。送的巧克力也出乎意料的还不错。,2016-07-04,
M19****090,80,0,0,0,嘉善巧克力小镇，工厂加公园，带小孩子去逛逛还是可以的。人不是很多，环境蛮好，适合小朋友出行。,2016-05-05,
189****8798,100,0,0,0,带儿子去玩，非常开心。里面的布局合理，能看到巧克力的全生产过程。儿子喜欢吃刚刚做出的巧克力。,2016-04-15,
小犹太,100,5,5,5,带小孩子去玩玩，还是蛮好的，地方不是很大，可以DIY,2015-12-05,
阿汤859,80,0,0,0,无聊的亲子游，小孩都觉得无趣，无聊的亲子游，小孩都觉得无趣，无聊的亲子游，小孩都觉得无趣。,2016-07-08,
120****876,60,0,0,0,地方小，没什么内容。花了240基本就是倍孩子做了下手工巧克力，其他......就没有其他了,2016-05-03,
M23****616,100,0,0,0,地方很好，很大，就是去的时候还没有全部开放，下次要等他全部开放了再去。亲子旅游的可选之处。,2016-04-26,
M22****326,100,0,0,0,之前去过，这次想带孩子去但没去成。不过，对于爱吃巧克力的孩子来说，去那边玩玩倒是很值得的。,2016-04-11,
_WeCh****59998,100,5,5,5,每次去都很赞，我已经去过很多次，还是那个味，棒极了,2014-10-12,
jiajia860911,100,0,0,0,更好的认识了巧克力的制作，儿子很开心！我绝对值得,2017-05-09,
wen****421,100,0,0,0,很好，里面很好玩，巧克力也很好好吃，小朋友很喜欢,2017-05-02,
138****9853,100,0,0,0,孩子玩的很开心，巧克力也好吃，唯一遗憾的是小火车下午4点尽然停开了，只有走走铁轨拍拍照了,2016-10-18,
似水年华2012,100,0,0,0,小孩子很喜欢，比预想中的要好，比苏州乐园的糖果乐园好很多，里面的西餐在景区里面算不错的，,2016-10-17,
M14****390,100,0,0,0,周一去的巧克力乐园，人很少，不挤，也不用排队，还不错，全家人出游其乐融融，亲子欢乐很好！,2015-08-15,
TONGCHENG_USER,100,0,0,0,超级划算，好玩，还送了80元的代金券，可以买巧克力，做巧克力等。普及了巧克力知识。遗憾的是，那天下雨了，室外的喜羊羊乐园玩不成了,2015-07-07,
320****147,80,0,0,0,很不错，来过好几次了。三个人还买了百来块的巧克力，扣取60，才付了几十块。巧克力比较偏硬，做结婚喜糖还可以。单吃的话推荐黑白曲奇,2015-04-21,
裙舞飞扬,80,0,0,0,巧克力制作非常好，儿子非常喜欢，朋友的女儿也很喜欢，简单的让俩孩子了解一下巧克力的制作,2016-10-23,
138****9853,100,0,0,0,孩子玩得很开心，巧克力也好吃，唯一遗憾的是小火车下午4调流不开了，没乘到，总体还不错！,2016-10-23,
M16****292,80,0,0,0,建筑及内部布置很不错，一下午玩的很充实，绿化很不错，总体很开心，吃到辣味巧克力，我哭啊,2016-10-03,
TONGCHENG_USER,100,0,0,0,周三去的很空，天气也不错，门口的可可广场适合拍婚纱照。小小甜品师的体验适合小朋友，工序简单。加微信还可免费打印照片，总体满意！,2015-07-09,
swn1111,80,0,0,0,小孩很开心。。。。。？？。。。。。。。。。。。。。。？。。。。。？？？。？？？？？。,2016-11-28,
188****3323,80,0,0,0,一般！没有想象那么好。！！！！！！！！！！！！！！！！！！！！！？！！！！！！！！！,2016-08-31,
M15****922,100,0,0,0,新、奇、特，不仅好玩好看还好吃。空气清新，环境优美，交通便利，停车简单，纪念品独特。,2016-05-24,
艳子爷,80,0,0,0,小长假带孩子去玩的，总体感觉，活动不多，建筑也不大，一圈走下来非常快，周围的地段、配套感觉和门票本身的价值不符，习惯性好评。,2015-07-31,
lil****736,60,0,0,0,制作巧克力蛮好玩，但是可逛的太少了，特地去一趟不值得，为此又游了一次西塘，有点失望,2016-11-18,
漫舞依人,60,0,0,0,没啥好玩的，没啥好玩的，没啥好玩的，没啥好玩的！！！！！！！！！！！！！！！！！！,2016-11-08,
腻腻的棉花糖,100,0,0,0,很好的一次体验，有吃有玩的，还自己制作了巧克力。儿子很开心，有机会一定再去体验下。,2016-08-16,
186****1079,80,0,0,0,景点比较偏僻，高德导航尽然带错路，景点适合拍婚纱照，做巧克力需要另外加钱不是很好玩,2016-07-28,
光明秀,100,5,5,5,非常好的亲子游，巧克力很好吃！！值得一去！,2015-11-20,
LuckyYZH,100,0,0,0,1元团购的，很超值。有巧克力试吃，还有儿童乐园，人不多，带小孩的可以去看看。但一楼的餐厅小贵，没吃。总体来说，还是不错的。,2015-08-06,
qxg12,80,0,0,0,有点特色，但园区打造未完成，还有待提高。,2017-07-27,
M24****544,100,0,0,0,小朋友很喜欢，最主要是人不多，春天去更棒,2017-07-19,
清风徐来01,80,0,0,0,处处都干净，体验巧克力制作，第一次吃这么多，全是拍结婚照的，商业化较好，值得一去,2016-10-05,
小犹太,100,0,0,0,地方不大，不过环境挺好的，工作人员也很nice，小孩子蛮喜欢的。周末带小朋友去玩玩，是个不错的选择。最好几个小朋友有个伴,2016-01-22,
201****757,60,0,0,0,参观的内容内容少，巧克力工厂流水线平时一般不展示，令人遗憾。参观的内容不多，送的购物体验钱购买的巧克力味道还是比较好的。,2015-09-15,
_WeCh****70189,100,0,0,0,挺好的 就是停车场离市政厅太远了 这天太晒,2017-07-24,
E93****93,40,0,0,0,室内玩得开心，吃得有点贵，小火车包车！,2017-05-26,
M41****158,100,0,0,0,环境挺好的，适合小朋友游玩。还有小火车,2017-05-19,
206****592,100,0,0,0,巧克力知识挺丰富的，进门就有巧克力喷泉试吃，小朋友开心啊。体验项目少了一点。室外有大风车，和一个滑滑梯，适合小小孩玩。,2016-02-14,
M23****140,60,0,0,0,门票价格虚高 去的时候天气比较冷 也有人在拍婚纱照 了解一些巧克力知识，不过有些项目还会收费 人少并不开放 总体感觉门票价钱过高,2016-02-03,
TONGCHENG_USER,90,0,0,0,位置不好找，新手要小心，总体环境挺干净，看看流水线工作，DIY算个亮点。其他就是买买巧克力，一楼的滑梯很受小孩子喜欢。,2015-08-24,
M25****82,100,0,0,0,还不错，有很多巧克力吃，小孩子很开心,2017-06-14,
139****3395,80,0,0,0,亲子游玩是可以的，巧克力味道也可以。,2017-05-28,
赖国财,100,0,0,0,很好玩的一个地方，巧克力也很好吃！！,2017-03-17,
TONGCHENG_USER,100,0,0,0,挺好的，就是夏天太热了，价格还是实惠的，买了些巧克力，好吃。去的话最好是自驾，因为交通不怎么便利。自己打车来回很贵。,2015-08-07,
TONGCHENG_USER,90,0,0,0,不是周末游客不是很多，带儿子一起去的，天气太热室外的项目没法玩。参观巧克力的制作过程，学习到了巧克力的文化，很不错哦,2015-08-04,
159****9472,100,0,0,0,挺好的，巧克力也很好吃，就是有点贵,2017-07-07,
139****3395,80,0,0,0,适合带小孩游玩，巧克力味道还可以。,2017-05-28,
137****7115,40,0,0,0,只有买东西的地方开放的，别的地方基本不开放，不好玩，就是几幢房子而已，整个庄园就我们5个人，价格过高，性价比太低了,2016-02-25,
M86****62,100,0,0,0,小朋友玩得蛮开心，展览参观，亲手制作，参观了世界上最大的巧克力雕塑，还可以免费品尝巧克力，有小礼物，交通方便很好找,2016-02-22,
189****3996,100,0,0,0,周末带着家人一起去，小朋友很喜欢这个地方，满园子的风车，还有很多拍婚纱照的，巧克力工厂的内布置精美，总之值得推荐。,2015-12-22,
TONGCHENG_USER,90,0,0,0,今天终于看到生产了，偌大流水线，只要几个人管机器，但包装那边人好多已经忙不过来了。院内格桑花快开过，院外向日葵正旺,2015-08-30,
TONGCHENG_USER,90,0,0,0,早知道就不买票了直接去那边扫一下二维码就可以进了，不过玩的还是蛮开心的，宝贝做了两块巧克力，但是价格还是有点小贵.,2015-07-30,
M16****780,80,0,0,0,女儿很喜欢巧克力，这次自驾80多公里，来到嘉善，体验了巧克力带来的乐趣，特别是自己做巧克力，50元一份，真心不贵。,2015-07-26,
TONGCHENG_USER,90,0,0,0,中评吧！整个园区游客几只而已，生产线停工，工作人员就只在检票口和巧克力制作区。家在附近去玩还行，如果远些，真不值。,2015-07-09,
M44****671,100,0,0,0,值得一去的好地方哦！下次会再去哈,2017-08-10,
_WeCh****965526,100,0,0,0,很热闹，安排的不错，小朋友很开心,2017-05-28,
mik****phen,80,0,0,0,整个环境不错，游览参观一个小时够了。生产线没有开动，文字介绍居多。可以试吃巧克力，不错。自费项目做巧克力也不错。,2016-02-13,
203****202,100,0,0,0,无意之间发现的地方，纯粹是一个工厂，巧克力生产基地，是当地学生教育的好地方，但是参观的不多。最好能加强动手环节。,2015-09-01,
裴静怡,100,0,0,0,吃得很开心。。。。。。。。。。。。。。。。。。。。。。。。。。。。。。。。。。。。。。。。。。。。。。。。。。。,2015-07-03,
139****2919,100,0,0,0,不错的地方，就是交通不是很便利，最好是开车去，地方比较偏僻，单纯去玩这个乐园就没什么太大意思了，巧克力味道还不错,2015-03-30,
Stevecar,100,0,0,0,蠻不錯的 值得去走走玩玩 手作玩玩,2017-09-02,
_WeCh****46616,100,0,0,0,宝宝们很喜欢，下次还会去。。。,2017-07-03,
TONGCHENG_USER,70,0,0,0,门票按特价还可以，按原价就很不合算了。里面做巧克力收费都是50-100，如果不花这个钱，其他几乎就没有什么了。,2015-07-27,
TONGCHENG_USER,100,0,0,0,此次游玩太合小朋友胃口了，有免费巧克力吃哦！每个项目都去玩了一下，结果带回家好多巧克力.虽然贵，但真香真好吃！,2015-06-24,
噜噜,80,0,0,0,好????。。。。。。。。。。。。。。。。。。。。 。。。。。。。。。......。。。。 。。。。。。。。。。,2015-10-09,
138****8024,100,0,0,0,非常不错的一次携程购票，希望下次有机会再来，推荐给嘉兴盆友，本地看看，闻闻香味，巧克力带些呼呼去，不错哦！,2015-09-21,
TONGCHENG_USER,90,0,0,0,取票方便人，因为天热，里面人不多，看到很多有关巧克力的知识，可惜没看到制作过程，不过免费品尝了几种巧克力!,2015-08-22,
TONGCHENG_USER,90,0,0,0,一块钱看看也无妨，原价就很不值了。里面稍微走走，最多一个小时，快点半个小时。外面农庄式，坐坐看看也可以。,2015-08-23,
TONGCHENG_USER,90,0,0,0,东西有点贵的，不过小孩子玩的很开心。就是天太热了，室外无法活动，做完巧克力就没啥可以玩的了，只能出来了。,2015-08-04,
TONGCHENG_USER,90,0,0,0,超值，带宝宝来玩的，一条流水线带动周边这么大个产业，相当有创意，只是夏天来玩太热，外面的都不能玩，可惜了,2015-07-26,
TONGCHENG_USER,80,0,0,0,不能改天，又不能退票。太差了，我都没去玩，钱就扣掉了，太坑了。以后都不能相信这个网站了，都是骗子，骗子。,2015-07-20,
320****854,60,0,0,0,孩子很喜欢尤其是自己制作巧克力的时候。里面一墙之隔的地方是花海，巧克力乐园可以考虑把这里积极利用起来。,2015-10-30,
心相依7705,100,0,0,0,全家总动员，去的时候很多生产线都没有启动，所以看不到什么，我觉得还是外面的风景好，还有好多拍婚纱照的！,2015-10-09,
TONGCHENG_USER,60,0,0,0,额，纯属买了联票…去的时候根本生产线都没上班。没什么好玩的，也就是给小孩看看，动手做巧克力，不过很贵…,2015-08-01,
TONGCHENG_USER,90,0,0,0,适合喜欢拍照的人去，小孩子玩的地方很少，我们做了巧克力，画画，其他也没什么，风景不错，很多人在拍婚纱照,2015-06-14,
TONGCHENG_USER,100,0,0,0,是吃货的好去处，小孩们的天堂，棒棒糖和巧克力可以吃到饱，只是西餐的食量太少了，一份意面也只够小宝宝吃的,2015-06-08,
TONGCHENG_USER,100,0,0,0,参观巧克力制作、免费品尝，还送50元券，小孩子很喜欢，室外还有游乐场所，玩儿的很开心，说下次还要去呢。,2015-05-24,
159****6333,100,0,0,0,小小厨师，50元，自制巧克力，孩子玩得还是很开心。70元门票，55元携程团的，没有20元超市抵扣券。,2015-10-06,
320****147,80,0,0,0,还可以，门票中包含20元巧克力票，但是很多地方都没有解说，这个模式比较一般，希望下次再来的时候有改进,2015-09-21,
TONGCHENG_USER,90,0,0,0,巧克力的制作工厂、历史，花样太少了，内部用餐的食物也太少了，适合简单的学习，没有新的创意及其特色……,2015-07-28,
TONGCHENG_USER,70,0,0,0,参观了下企业，随便向游客推销了自家的巧克力，嘉兴好多所谓的景点，就是围墙围起就坑游客的地方。西塘除外,2015-07-27,
TONGCHENG_USER,90,0,0,0,巧克力之旅，大人小孩都喜欢。羊村保卫战，儿子玩得很开心，最后获得勇士勋章，换件衣服一点要把它再带上。,2015-07-22,
TONGCHENG_USER,90,0,0,0,景色不错，地方僻静，路程比较远还是不要考虑。很多项目还没有开发开放来，冲着爱吃巧克力的人，不错的选择,2015-07-14,
M51****75,80,0,0,0,景点还在建设中，可玩的项目不多。女儿玩了个自制巧克力，指导的工作人员很热情、负责，有耐心。赞一个！,2016-02-23,
李宇为,80,0,0,0,带小孩去玩，学习了巧克力知识。这家的纯黑巧克力很好吃，在京东买最合适。美中不足的是景点自带的餐厅。,2016-02-01,
TONGCHENG_USER,70,0,0,0,根本没去成，因为时间原因，只能当天去取票。而且买了保险不支持退款。幸亏只有一块钱，要是70真的亏了,2015-08-21,
wuzhe****0918,80,0,0,0,还不错，带小朋友逛逛挺好，里面还有试吃，儿子吃的挺开心，室外也很大，就是去的那天太热，没在外面玩,2015-09-09,
_WeCh****83354,100,0,0,0,和朋友一起去的，拍照的地方很多，蛮好玩的，空气真好，价格很便宜1元钱每位，适合大家去玩，收获很多,2015-07-21,
M51****75,80,0,0,0,景点的创意很好，融知识性、趣味性、参与性于一体，适合亲子游。但还在建设中，基础配套措施不完善。,2016-02-23,
Mr-DONG2014,100,0,0,0,形式比较有新意，过程比较享受，细节比较到位，内容比较专业，趣味性比较浓厚，总体值得推广和提升。,2015-10-06,
hai6588,100,0,0,0,很不错的地方，我们很幸运，购买到了一元门票。玩的东西也很多，小孩子玩的很开心。有机会还会来的。,2015-08-28,
岽林子,80,0,0,0,周末和家人一起来的，1元的门票很超值，就是天太热，室外温度高了没法游玩，作为短途游还是不错的。,2015-08-04,
TONGCHENG_USER,90,0,0,0,挺好的。参观了巧克力工厂，品尝了香浓的巧克力，还体验了巧克力制作。带小孩去玩是一个不错的选择！,2015-07-23,
TONGCHENG_USER,70,0,0,0,根本不需要买票的，那边会送票子的，感觉就是上当，还以为是真正给优惠了，晕！需要大家可以参考！,2015-07-19,
TONGCHENG_USER,90,0,0,0,不错6元还是蛮值的，就是里面的东西挺贵的还自己亲手做了巧克力100块，还是蛮好的，值得推荐的,2015-07-15,
203****633,60,0,0,0,就是内部一楼餐厅附近的服务人员都一般吧，没什么方向不知道要干嘛……………………………………,2015-12-11,
liamend,80,0,0,0,小孩子感觉还行，但是整个还没规划好，故现在不划算，里面的绿化设计得很一般，游乐项目相对较少,2015-10-21,
TONGCHENG_USER,90,0,0,0,秋天可能更好点，室外可以玩玩，夏天去室外太热了，只在室内看看玩玩，小朋友们挺高兴的，还行。,2015-09-25,
TONGCHENG_USER,90,0,0,0,很适合小孩子来玩，只是可能雨天人少的原因，有些活动都没有，西餐厅的味道不错不过价钱不便宜。,2015-08-23,
e14****59,100,0,0,0,我们一家三口从很远的桐乡来到嘉善大云，看到了美丽的巧克力乐园，我家的小孩非常喜欢这个地方,2015-09-30,
134****0260,80,0,0,0,适合小朋友去，做做巧克力什么的挺有趣，不过做完还要等半个小时才可以拿，大家要掌握好时间。,2015-09-03,
st****la,100,0,0,0,订购迅速，有一定趣味性。2分钟不到就有短信反馈过来，很赞。可以在里面订做，自己动手制作。,2015-07-13,
M75****01,100,0,0,0,以巧克力为主题，孩子可以学到巧克力的知识，亲手做巧克力，欣赏各种巧克力，值得体验一回！,2015-10-05,
E21****39,100,0,0,0,那天天气太热，生产线没开，孩子玩的东西太少，主要就是做巧克力和卖巧克力，只能说是一般。,2015-09-09,
TONGCHENG_USER,90,0,0,0,喜欢吃巧克力的建议可以去去 划算 可惜我们一家人都不怎么爱吃 不过玩的还是很开心的 特别是宝宝,2015-09-04,
TONGCHENG_USER,90,0,0,0,非常不错的旅行，又能品尝新鲜的巧克力，又能自己亲自动手，很不错，餐厅的饭菜价格也很实惠,2015-08-22,
TONGCHENG_USER,90,0,0,0,除了有点远，真心还不错。室外环境非常好，里面就是一些巧克力的介绍，逛一圈还是有所收获。,2015-07-30,
小色子,100,0,0,0,很不错，小孩子还免费，这个1元的门票真的无敌合算，玩的很开心！值得推荐哦！！！！！！,2016-02-11,
光明秀,100,0,0,0,带孩子一起去的，简直乐坏了，巧克力乐园，一定要去哦！！ 带回很多巧克力，很好吃的！！,2015-10-28,
enzomao,100,0,0,0,服务不错，十一还有活动，就是讲解没有。十一消费每满100抽奖一次，基本上都有奖品。 哈,2015-10-23,
139****0872,80,0,0,0,儿子玩的很开心，就是玩的项目还不是很多。人气不是很旺。里面风景也不错，很多人在那拍婚,2015-09-30,
TONGCHENG_USER,90,0,0,0,巧克力小镇非常不错，让孩子有一个动手能力，体验生活的环境，发挥想象，容入到巧克力中。,2015-08-20,
TONGCHENG_USER,90,0,0,0,制作巧克力Kitty，女儿很喜欢。免费试吃的巧克力很有意思。买回家的巧克力也很好吃。,2015-07-20,
TONGCHENG_USER,100,0,0,0,还不错，就是去的那天生产线没有开，有点遗憾，小朋友玩的也很开心。外面的环境也很漂亮。,2015-06-13,
118****235,80,0,0,0,新开的景区，环境不错就是位置太远。没什么可玩的，但是孩子特喜欢。不过相对门票价格贵,2016-02-11,
M15****924,80,0,0,0,游玩项目太少，趣味性不是很高，整体感觉一般，下次再去的可能性不是很大～～～～～～～,2015-11-20,
M68****55,100,0,0,0,一般不会再去了，最后买了点巧克力回家！！！！！！！！！！！！！！！！！！！！！！！,2015-10-09,
TONGCHENG_USER,90,0,0,0,小孩玩玩挺好的，不过挺快的就逛完了，谢谢帮我们捏糖花的师傅。希望你开心每一天，哈哈,2015-08-31,
魔瓶灯灯,100,0,0,0,还不错，可以去玩玩 人气还不是很旺，和孩子去玩玩，学习一下知识还是可以的！！！！！,2015-06-23,
TONGCHENG_USER,100,0,0,0,春节期间下雨，选择了这个室内的景点，小朋友玩的很开心，自己动手做巧克力也很有意思。而且赶上了2场玩游戏的活动，赢到了奖品～,2015-02-25,
TONGCHENG_USER,100,0,0,0,门票还可以换20块的巧克力，打对折的门票还算划算。西餐的披萨也打对折，就是意面有点贵。小朋友有免费的淘气堡玩，值回票价了。,2015-01-03,
68****689,100,0,0,0,很香，很好玩，主要孩子喜欢，可以动手做巧克力，里面也蛮干净的，总体来说不错，赞！,2016-01-28,
TONGCHENG_USER,90,0,0,0,地方有点偏哦，找了好一会，不过里面还是蛮赞的，可惜后来下雨了，期望下次有机会再去,2015-09-06,
M23****309,100,0,0,0,很不错，很不错，很不错，很不错，很不错，很不错，很不错，很不错，很不错，很不错，,2015-09-05,
Foremost-小胡,100,0,0,0,下次还会再去，送朋友，或是自己吃，都挺好得，里面一进入大风车很漂亮！环境也不错。,2015-09-01,
M58****58,100,0,0,0,周末带小孩 一起体验一下巧克力的制作过程 明白了巧克力的制作方法 风景也很好 小孩很喜欢,2015-08-31,
TONGCHENG_USER,90,0,0,0,景点有点偏，不是自驾游交通不是很便利，不过景点很漂亮，没有热门景点那样人山人海，,2015-07-27,
TONGCHENG_USER,100,0,0,0,挺好玩！2人去送的2张电子劵能叠加用。做巧克力只花了5元。中午西餐厅味道也不错。,2015-05-28,
_WB****5984,100,0,0,0,外资企业，管理先进，够卫生，很有乐趣，里面的西餐相当不错，巧克力美味，性价比高。,2015-05-04,
M13****107,80,0,0,0,适合小朋友，大人是陪伴者。地方有点偏，游玩的东西还不多，期待二期有更好玩的东西。,2015-03-17,
TONGCHENG_USER,90,0,0,0,不错的旅行，就是去的那天大晒了，外围还有好大都没去走，可惜了，有机会要再去一次,2015-10-14,
TONGCHENG_USER,90,0,0,0,一块钱拍的，还是不错的。个人认为玩的东西太少了些，如果是原价来玩，就很不值了。,2015-08-13,
TONGCHENG_USER,90,0,0,0,里面的服务还不错，都挺热情的，巧克力味道也不错，就是西餐厅东西偏少价格偏贵了。,2015-07-29,
TONGCHENG_USER,100,0,0,0,环境整洁，可以了解到很多有关巧克力的知识，又是在室内，很适合夏天带孩子来逛逛。,2015-06-20,
300****777,40,0,0,0,没啥好玩的 就是一个卖巧克力的地方 有点坑爹！估计下次也不会再去了！！！！！！！！,2015-06-10,
M58****58,100,0,0,0,不错的一次团购 很有意义 小孩很喜欢 下次还会再去的 风景很好 大人小孩都玩的很开心 赞,2015-08-31,
TONGCHENG_USER,90,0,0,0,环境不错，增长知识。天气太热了，室外的项目就没开放了，如果天气凉快就好多了。,2015-08-01,
TONGCHENG_USER,90,0,0,0,一次非常不错的体验，和宝贝亲手制作巧克力，宝贝很开心，下次我们还会再去的。,2015-09-11,
TONGCHENG_USER,70,0,0,0,就是去了解了一下巧克力的制作，品尝一下巧克力。一楼有些孩子玩的东西可以玩。,2015-09-04,
TONGCHENG_USER,90,0,0,0,好，生产线正在产巧克力， 六月格桑花之后，今日向日葵，意外收获。下次有什么呢,2015-08-30,
139****4891,80,0,0,0,可玩的还是少了些，建议再丰富点。,2017-03-07,
TONGCHENG_USER,90,0,0,0,第一次去还送购物券，这次没有了，这次做了巧克力，可惜天气热，一到家就化了,2015-10-03,
小妖y,100,0,0,0,开心 快乐 宝宝不愿离开了 新开的 人也多 宽敞 工作人员服务态度也行 谢谢朋友,2015-09-07,
TONGCHENG_USER,90,0,0,0,还可以……♂好的…还刚刚建好一期……等全建好了肯定很好……就是有点偏……,2015-08-16,
TONGCHENG_USER,90,0,0,0,一块的门票还是可以去看看的，要是原价的话就不值得了。做巧克力要自己付钱。,2015-08-13,
TONGCHENG_USER,90,0,0,0,一个小时走完了2遍，实在太小，巧克力还是不错的，只是生产线没开机，遗憾。,2015-08-08,
TONGCHENG_USER,100,0,0,0,景点还可以，可惜下雨，如果天气好的话，室外草坪上玩玩，还是挺不错的。n,2015-07-05,
zhou369,80,0,0,0,此次出游比较愉快。因为不是周末人不多，参观了巧克力的制作流程。随后与女儿一起制作了巧克力，很不错的一次亲子活动,2015-02-21,
TONGCHENG_USER,100,0,0,0,休息天还要专人讲解，非常细致耐心，很不错。巧克力还有试吃哦。商店里买东西还有优惠。而且巧克力的原料都是进口的。,2015-01-14,
TONGCHENG_USER,90,0,0,0,了解巧克力的制作流程，小朋友很涨知识，还能自己定制巧克力，非常好玩。,2015-10-03,
TONGCHENG_USER,90,0,0,0,带着孩子玩了，很不错，小朋友自己做了巧克力很开心，50元一次有点小贵,2015-08-30,
TONGCHENG_USER,70,0,0,0,参观了一个巧克力的企业，顺便是推销巧克力。谁花70元去的话就是冤大头,2015-07-27,
TONGCHENG_USER,90,0,0,0,很新鲜的参观旅程，巧克力味道也很好，自己动手做小朋友也很开心，超值,2015-08-29,
TONGCHENG_USER,90,0,0,0,和好朋友一起去的，两个孩子玩的很开心，去的时候工厂没开放，有点可惜,2015-08-19,
TONGCHENG_USER,90,0,0,0,适合拍照取景，非常不错，不是双休日去的，人很少，喜欢幽静，不错不错,2015-08-11,
TONGCHENG_USER,90,0,0,0,很干净 开放式工厂比电视广告更好 能0距离接触产品生产过程 了解品牌价值,2015-08-09,
TONGCHENG_USER,90,0,0,0,比较超值，人不多，适合小朋友玩，小朋友挺开心，中餐厅食堂餐有待改进,2015-08-08,
TONGCHENG_USER,90,0,0,0,就在家附近，1块钱很划算，还送20的券，贴钱做了巧克力，女儿很喜欢,2015-07-30,
TONGCHENG_USER,90,0,0,0,学习巧克力知识，动手制作巧克力，加上各种主题游戏，小孩子流连忘返！,2015-07-26,
TONGCHENG_USER,100,0,0,0,风景不错，还送巧克力，味道也蛮好的，只可惜远了点，还有就是工厂没开,2015-06-23,
TONGCHENG_USER,100,0,0,0,周一巧克力乐园居然没有游客，我和乐乐成唯一了。园子很大，太冷清了。,2015-05-25,
TONGCHENG_USER,90,0,0,0,很好的亲子游基地，价格比上海巧克力乐园便宜多了，就是地方偏了点！,2015-09-21,
TONGCHENG_USER,90,0,0,0,小娃玩的很开心赖着不肯回家，小孩子玩玩还可以，比上海的东西少很多,2015-09-12,
TONGCHENG_USER,90,0,0,0,很好，里面有免费品尝的糖果，DIY棒棒糖只要50，孩子玩得很开心,2015-08-20,
TONGCHENG_USER,90,0,0,0,来了二次了，感觉很好，离我这里近，就是没有20元抵值券！上次有！,2015-07-21,
TONGCHENG_USER,100,0,0,0,还不错，工厂参观加小游乐场。带孩子玩玩，还不错！景区景色挺好的！,2015-06-01,
TONGCHENG_USER,80,0,0,0,真的是只有旅行团才去的购物景点。。。没意思，就是参观，买巧克力,2015-08-12,
TONGCHENG_USER,90,0,0,0,娃喜欢自制巧克力。外面的风景不错，夕阳西下，摇椅晃晃，美极了。,2015-07-25,
TONGCHENG_USER,90,0,0,0,八错。人少，服务周全，附加消费少。自制巧克力娃喜欢，五十不贵。,2015-07-25,
TONGCHENG_USER,100,0,0,0,太赞了，还送了20元抵用券，里面环境不错哦，小小甜品师宝宝喜欢,2015-07-09,
TONGCHENG_USER,90,0,0,0,还没有全程建造完毕，稍微有点偏了，玩得少了点，自制巧克力要是在花样点便宜点就好了,2015-01-11,
TONGCHENG_USER,100,0,0,0,非常好的游玩地点，有吃有玩的适合小孩，就是人不能太多，要体验巧克力制作才行,2015-01-11,
TONGCHENG_USER,100,0,0,0,一个巧克力加工厂，蛮有想法的，小孩蛮喜欢的，就是门票和做巧克力都贵了点,2015-03-02,
TONGCHENG_USER,100,0,0,0,一个巧克力工厂，内部挺新，地小人少，小小甜点师还不错，其它的不太好玩！,2015-03-01,
TONGCHENG_USER,100,0,0,0,环境很好，游玩后对巧克力品种、生产、来历有了解，是个增加知识的地方。,2015-01-03,
TONGCHENG_USER,70,0,0,0,感觉真不错。不仅是一个巧克力工厂，而且还有DIY的地方，适合游玩,2015-01-21,
TONGCHENG_USER,100,0,0,0,取票方便，总体可以，园内就是些机械设备，介绍的，最后有试吃区。,2015-01-07,
Charleswilliam,100,0,0,0,带孩子玩玩是不错的选择，大人单独来就没有意思了。基本上玩的就是小火车，DIY，参观工厂吃巧克力，然后就是购买巧克力，大概3到4小时结束了……,2018-02-18,
skybaby0923,100,0,0,0,里面很适合小朋友去玩。有免费得巧克力可以吃，就是小火车需要等待的时间有点长，不错,2017-10-02,
