name,score,popularity,size,sight,service,review_word,time
lv158****5551,5,5,5,5,5,还可以的，去的那天比较热，坐了小火车，风景比较好，但是因为热，带着小孩，外面都不敢多待，参观了制作巧克力的流程，也品尝到了美味的巧克力，小宝宝们都非常开始，后面才参加了一个巧克力的制作做成，给老师做了教师节的礼物！真的很开心！里面还有小宝贝玩的淘气堡，能玩了很久，午饭在里面解决的，价格稍微贵一点！也还能接受！回家时也买了好多巧克力！给家人朋友品尝一下！ 总之很开心的一趟游玩，建议带小宝贝们去哦！最好选个不要太热的天气！ 查看全部,2017-09-11,
lv18439800,4,4,4,4,4,位置挺好早的 平湖过去不能听导航的 会导到小路上去 就是车子停的比较远 带个不肯走的小孩会很累 去的比较早 参观工厂要10:00开始 先坐了小火车 不过小火车等会坐一早人太多 参观工厂可以免费品尝巧克力 巧克力最好最后买 下面都有 还可以用优惠券 时间长了会化掉 二楼是儿童玩的淘气堡 但是11点到11点40分会关门 可以一楼吃点饭 会有点贵 但是其他没有吃饭的地方 主要可以坐着休息一下 下午可以去做DIY的 等待的时候可以再去玩一下淘气堡 我们去的时候太热 外面都没怎么逛 风景挺好的 花海可以去拍照 查看全部,2017-09-11,
lv83758880,5,5,5,5,5,【点评有奖第12季】旅妈上还有优惠，很满意的一次出行，其实就在家门口，20多分钟的车程就到了。9的准时到的，取票，检票都很顺利。周三开始人不多，后面来了个学校春游的，小朋友很多，坐火车需要等待，参观巧克力的制作过程，品尝各种口味的巧克力，需要的话还可以购买一些分享，小孩子除了吃就是玩了，有滑滑梯，有充气的大城堡。中饭比较单调，有热炒的中餐厅，然后就一个西餐厅，带着孩子选了后者，价格略偏贵，不过景点都差不多。点了炒饭和意大利面，味道都还可以。DIY手工巧克力孩子也很喜欢，就是做的比较少，9粒。主要流程不多，但玩起来不太累，今天天气比较热，户外不是很舒服。以后发展下去应该会有更多项目，一天下来孩子很开心，总体挺满意。 查看全部,2017-05-10,
lv138****9176,4,5,3,4,3,【点评有奖第12季】 【点评有奖第12季】五一假期带孩子们去玩的，那天很热，人比较多，排队乘坐了孩子们喜欢的小火车，参观了巧克力小镇的设施和花园……孩子们喜欢的彩色海洋球玩了好久，还好这里有个遮阳的大棚，不会被晒。中午在里面就餐，有中餐和西餐，因为人多排队好久，菜色也单一，吃得不满意，建议可以时间排好在里面自己吃点零食，还是到外面来就餐比较好，我们因为孩子还小，安排的就是很宽松的游玩模式，随他们玩够，海洋球那里玩得时间最久……做巧克力有时间点的，在模型中倒入自选的黑或白巧克力溶液，再在上面画上喜欢的图形，1个小时候去拿自己做的定型的巧克力……总体来说小小朋友玩玩还可以，适合休闲之旅 查看全部,2017-05-09,
tangtanghenaixi,3,3,3,4,3,【点评有奖第12季】从嘉兴过去还行不远，巧克力小镇不大，周末带孩子来感受下还不错。天热室外孩子玩的那个充气城堡有点热的，可以去有遮阳棚的那个球池，那里凉快多了，小孩子也很多。进园可以先坐一圈小火车看一下风景。参观工厂，品尝巧克力。工厂不大一会就参观完了，一个是手工巧克力，一个人机器生产的，个人觉得吃多了都有点腻，所以没买多少，会送一个50减20的券，买了送人还行。糖果节就是葫芦娃一种这个有点失望，基本上一上午都可以逛完，所以周末亲子放松陪孩子玩还是可以的，基本上都是一家几口带孩子来的。 查看全部,2017-04-29,
user215965,5,5,5,5,5,这个票价组合非常划算，小小甜点师也很给力,2018-03-04,
user215965,5,5,5,5,5,下午两点去的，有点小赶，建议是四小时以上,2018-03-04,
lv137****4883,5,4,4,4,4,总体不错，有机会还会再去。蛮好的选择。。,2018-03-04,
lv137****4883,5,4,4,4,4,总体还是可以，人比较多，蛮好玩，有机会再去,2018-03-04,
lv62185550,3,3,3,3,3,玩的东西太少了，除了个小火车，就是做巧克力,2018-02-22,
lv1862171ufhn,5,5,5,5,5,还不错，孩子都很喜欢，服务态度也很好，赞一个,2018-02-21,
lv47452704,4,3,3,4,5,大年初三大云一日游，算是冷门景点，人不多。亲子活动不错，值得一去。,2018-02-20,
pingli1105,4,4,4,4,4,地方还比较大，如果是春天花开的季节去就好了，冬天有点萧条，可以参观巧克力流水线，品尝各种口味巧克力，当然手工做巧克力还是不错的，充分发挥想象力，孩子比较喜欢。,2018-02-20,
lv24361356,5,5,5,5,5,玩的很开心，主要三个玩的，每个玩的都是有时间点的，可以先问下工作人员，一是坐小火车，二是观看巧克力制作流水线，三是DIY制作巧克力（模具和画画的二选一的），画画难度有点高，我们选的是hello Kitty模具，小朋友很喜欢？？？？？？主要是喜欢吃巧克力，没有任何抵抗力啊,2018-02-19,
lv9194607,5,5,5,5,5,玩得很开心，小朋友都喜欢这样的地方，又能做巧克力，又能玩小火车。真的蛮不错,2018-02-19,
lv138****3281,4,4,4,4,4,其实小镇不大，就是参观巧克力如何制作的，可以试吃，孩子喜欢制作巧克力环节，做了还能拿回来的，挺好的！,2018-02-19,
lv137****3842,5,5,5,5,5,不错的地方，很适合小朋友去的，女儿很喜欢。,2018-02-12,
lv1385737yjt6,5,5,5,5,5,满意,2018-01-20,
lv83546338,4,4,4,4,4,元旦游玩，不是很拥挤。游玩最好选择花季，这样外景更好。DIY手工制作，小朋友很喜欢。,2018-01-07,
lv98426256,5,5,5,5,5,第一次在驴妈妈上订票，价格很优惠，小孩玩得很开心，非常棒的一次亲子游～,2018-01-04,
lv63839511,4,4,4,4,4,还好 还好 还好 还好 还好 还好 还好 还好 还好 还好 还好 还好 还好 还好 还好 还好 还好 还好 还好 还好 还好 还好 还好！！！就是小朋友玩的东西太少,2018-01-02,
lv9317379,5,5,5,5,5,比较适合小孩子玩，玩的很开心。里面餐饮稍贵一些,2018-01-02,
lv1227624,5,5,5,5,5,虽然天气冷，但孩子兴致非常高。游客中心取票非常方便，入园后先坐了小火车把小镇了解了大概，之后进入巧克力能源工厂，品尝巧克力，学巧克力知识，还有童玩区、巧克力DIY和寻宝藏，孩子们玩的很尽兴，一次不错的体验！,2018-01-01,
lv40293804,4,4,4,4,4,拍照不错的选择啊，哈哈哈，吃了不少巧克力也买了不少巧克力，唯一的遗憾是木有花海，小火车开的时候直升机飞过超酷,2018-01-01,
lv13421724,4,4,4,4,4,还不错，适合孩子，虽然地方不大，但是小孩子玩玩够了，不然也累的,2018-01-01,
user87673555,5,5,5,5,5,很开心的行程 宝宝制作了巧克力 参观了巧克力工厂 还寻觅宝藏 得到了礼物 又购买了好多巧克力送给宝宝同学 火车是一大特色 孩子开心的不得了,2018-01-01,
will22,4,4,4,4,4,性价比不高，但是小朋友玩玩挺好的，小火车、参观生产工厂、手工制作是3个必做动作，大概2.5个小时，其他的只要天气好，草地上跳跳，滑滑梯坐坐，放羊小孩子够了。,2017-12-29,
lv43683273,5,5,5,5,5,玩得很开心，挺不错的，也买了很多巧克力，孩子很开心，有机会还会去的。,2017-12-23,
user267950,5,5,5,5,5,挺不错的体验，歌斐颂巧克力是国产巧克力品牌，属于中上，口味比较适合国人。由斯麦乐食品有限公司推出，歌斐颂源于拉丁语，意为“挚爱”。产地浙江嘉兴。 歌斐颂巧克力共有曲奇黑白巧克力、牛奶巧克力、扁桃仁牛奶巧克力、榛子牛奶巧克力和醇黑巧克力五种口味。 查看全部,2017-12-23,
user94910529,5,5,5,5,5,我们是冬天去的，所以看不到花，但是里面还是很好玩的，很适合亲子游，巧克力很好吃，还带孩子亲手做了巧克力,2017-12-06,
lv80691708,4,4,4,4,4,游玩当天，天气比较闷热，歌斐颂还是适合秋高气爽的时候游玩～小火车参观算是一大特色，但是路程不是很长，而且只能乘坐一次，小镇里有些片区还有待开发，不然真的浪费了这么好的地方。景区里有游乐设施，可以自己制作巧克力，参观巧克力工厂，适合年纪稍大一些的小朋友。,2017-12-05,
linjyleo,5,5,5,5,5,很不错的巧克力工厂，工作人员都有热情，还有巧克力可以试吃。通过参观，知道了巧克力的形成过程，他们引进了瑞士最先进的设备来制造巧克力，全程智能化。在驴妈妈买票也是相当方便的，还比当场便宜。当场制作巧克力要50元，驴妈妈上面一大一小门票加制作才120元，真是实惠。以后订票还找驴妈妈。,2017-11-28,
lv2546801,5,5,5,5,5,第二次去，虽然冬天没有花海，但小朋友玩得还是很开心，又买了很多的巧克力。,2017-11-27,
lv29703010,5,5,5,5,5,满意,2017-11-19,
下雪是種奇蹟1486148,5,5,5,5,5,离上海不远超级适合小孩来游玩的地方。充气城堡，小火车和制作巧克力都很棒。赞一个,2017-11-19,
lv186****5864,4,4,4,4,4,全家自驾游的，地方比较偏辟，像大多数人一样导航导到工厂去了，地方还是不错的，风景也好，看到很多拍婚纱照的，参观了巧克力工厂和宝贝做了巧克力DIY，工厂有很多免费吃的巧克力，棒棒哒哦！很适合亲子游，下次有机会还会去,2017-11-17,
lv48738001,5,5,5,5,5,花海非常美，巧克力制作也非常棒，孩子玩的挺开心的,2017-11-06,
lv137****2274,4,4,4,4,4,带小朋友玩玩还凑合，很小的一个地方半天足够了！！！！,2017-11-05,
lv1385737yjt6,5,5,5,5,5,满意,2017-10-30,
lv25412974,5,5,5,5,5,吃完中饭去的，上海开过去一个小时左右，一点到，玩了小火车，然后参观巧克力工厂，有专门的引导员，一路介绍一路吃，然后整圈走下来，底楼有diy，陪小朋友一起做了。小火车和参观还有diy都是有时间的，基本上玩好一个项目接着就是到另一个项目的时间了，很休闲的行程，外面有座位，坐小火车兜一圈外面风景很漂亮，进去的时候给你一张卡，每个点敲章敲完去服务台领了块歌斐颂巧克力，不错，4点半回家，半天行程，时间充裕，小朋友还可以玩玩滑滑梯 查看全部,2017-10-29,
lv32054641,5,5,5,5,5,带小孩子去玩的、全是小孩子、宝宝很喜欢巧克力还有小火车、又吃又玩的很开心。推荐家庭游。下次还会来哦！,2017-10-28,
lv1517885mr4n,5,5,5,5,5,【点评有奖第14季】超级适合带孩子去玩，小朋友品尝了很多巧克力还学习到了一些制作巧克力的知识，更是亲自体验了一番制作巧克力。里面的设施设备都很人性化，还有一些游乐设施，大人小孩都玩得很尽兴。以后有机会还会再去。,2017-10-23,
lv85337447,5,5,5,5,5,【点评有奖第14季】很适合小朋友们去玩的地方，工厂内有试吃活动，巧克力品种多样，参观后还有DIY的活动，国庆去人确实多了点，平时周末去应该人没那么多。,2017-10-16,
lv1395189z4ph,4,4,4,4,4,【点评有奖第14季】小镇很好，制造，参观，体验，亲子D]Y相结合，工业生产与旅游互动，玩得开心,2017-10-15,
lv1391877qhyr,4,4,4,4,4,【点评有奖第14季】找入口一波三折，跟着导航到了花海大道，看到你导向指示牌和导航的路程不一样，跟着指示牌走，却远远看到巧克力小镇在很远的导航路程一侧，边上在修路。回头跟着导航，到了巧克力工厂，被告知原来修路的地方是入口，再折回，折腾了一会。话说回来，花海大道边上的几片花田还是不错的，花田里还有蓝精灵、小猪佩奇和水果的近景，是免费的，因为我发现这边周边的几个景点都收费。 到了路边导向指示牌的地方，就是边上还在修路的地方，发现有条小路可以过，不用开车，走了500米小路，其实已经到了巧克力小镇的景点了，有景区内的小火车铁轨。 到了游客服务中心，先去购票处换票，门票不要扔，不仅仅进门要用，小火车和能源厂还有最后的DIY都要用门票。忘记说了，我们是家庭票，两大一小带DIY巧克力。 进门口就是歌斐颂火车站，基本都是半点一班，小朋友的最爱，绕园区一圈，在10多分钟，经过室外几个景点，荷兰风车，热气球，情人沙滩和浪漫花海等。 下了火车就可以去能源厂了，接下来巧克力钟爱者的天堂。可以看到巧克力流水线，四个口味的巧克力喷泉，可以拿手指饼干蘸着吃，还是热的巧克力，很香浓很丝滑。再接下来试吃十二种口味的巧克力，最后的辣味巧克力很不错回味很辣，适合喜欢尝鲜的朋友，一路过来看看吃吃买买，现场的手工生巧很不错，40一份，满两份送保温袋。 最后就是DIY巧克力，小朋友很喜欢，自己挑喜欢的造型模具，自己将融化了的巧克力注入模具，这边推荐家长事先备一些手指饼干或者面包，因为剩下的巧克力可以自己蘸着吃掉，不要浪费。做完巧克力要等一个小时才能拿，这个时候到浪漫花海这些外景点拍拍照还是不错的选择。 我们是下午1点半到的景点，4点半不多就走了，景区好像是5点关门，半天的游玩安排差不多。 总结一下，半天行程足够，行程游玩比较一般，小朋友对巧克力制作没太大兴趣，可能配备一名生动的解说员，这样对小朋友吸引力更大，毕竟可以学习一些知识，扩大知识面，比如巧克力怎么来的呀，可可豆有哪些产地，家长说的不生动，而且小朋友不愿意听家长解说，家长也没有做到专业的解说。一天吃了平时两周甚至一个月的巧克力的量，家长做好心理准备。巧克力厨房和巧克力DIY有时间还是参与一下，锻炼一下小朋友的动手能力，否则就是走马观花了。 查看全部,2017-10-14,
qqlv848022945449… ,4,5,5,5,5,【点评有奖第14季】国庆假期临近尾声，因害怕人多车多就一直蛰伏在家，但时间久了就想到外面透透气。，于是选取了这个就近又适合小朋友的点(歌斐颂巧克力小镇)。自驾80分钟左右，小镇规模不是很大，游玩项目也不是很多，但小火车确实不错，一圈下来约要15分钟；参观巧克力工厂，品尝各式美味也不错，只可惜工厂当天没有生产；花海那边有成片的向日葵在阳光下熠熠闪耀……总体感觉不错！ 查看全部,2017-10-14,
lv186****6098,3,3,3,3,3,【点评有奖第14季】刚开发的，东西比较少，一下就走完了，里面也没有人介绍,2017-10-13,
lv137****3235,4,4,4,4,4,【点评有奖第14季】园区比较小，但是风景很美，有很多向日葵和各种花，倒是一个适合拍照的地方。参观工厂和DIY巧克力主要让小朋友体验一下，建议大家入园先DIY巧克力，因为出成品要1小时哦，这期间可以去参观工厂和坐小火车,2017-10-12,
lv1395189z4ph,5,4,4,4,4,【点评有奖第14季】很不错的工业旅游景点，把工业制造，观光，品尝，DIY有机结合，老少咸宜，玩得开心。唯一遗憾是咖啡树植物园没开放,2017-10-11,
lv37836492,5,5,5,5,5,【点评有奖第14季】很适合孩子去的地方！体验下巧克力制作的过程和来源！花田也很美！孩子很开心！,2017-10-11,
lv1590089bcek,4,4,4,4,4,【点评有奖第14季】 【点评有奖第14季】小镇环境不错，以前去过，不过家里的小主要求还要去一次，那就乘着国庆假期再去一次了，国庆节哪都人多，小镇也不例外，不过并不拥挤，坐了小火车，参观了巧克力工厂，品尝了各种口味的巧克力，孩子还自己制作了巧克力，还有小丑的表演，可惜没有拿到气球，美中不足的就是那天是生产生巧的机器坏了，没能买到好吃 的生巧。另外值得一提的是，拍婚纱照的新人好多，都美美得，很幸福。 查看全部,2017-10-09,
lv79189271,5,5,5,5,5,【点评有奖第14季】绿化好，室内室外都有游乐设施，乘着小火车绕着跑了一圈，巧克力吃到撑，还有小丑给孩子们发气球，小朋友很喜欢，直呼下次还要去。比想象中好玩,2017-10-09,
lv74976102,4,4,4,4,4,【点评有奖第14季】去的时候，门口在修路，车停在路边走进去的，一路进去都是花海，还是蛮好看的，进入巧克力小镇之后，就是参观巧克力的制作过程，中途还有2次品尝巧克力的机会，最开心的就是小孩子,2017-10-09,
lv138****0639,5,5,5,5,5,【点评有奖第14季】地方不大 但环境很好 适合带小朋友来玩,2017-10-09,
angelji,4,4,4,4,4,【点评有奖第14季】歌斐颂巧克力小镇里面玩的项目还挺多的，坐小火车的人很多，平时要一小时一班，国庆节人多人满了就开，节省了很多等待的时间，比较人性化，小朋友喜欢的气垫滑梯没坐到，有雨水没干，小镇入口不是很明显，就两个保安在那边引导，车子都停在马路两边，到小镇门口要走一段路，参观了巧克力制作流水线，试吃了各种口味的巧克力，生巧抹茶味和85%可可含量的黑巧克力挺好的，用抵用券购买了好几款巧克力，带回去给朋友、家人尝尝，最后挑选中意的模板让小朋友亲自制作了一块巧克力，此次收获满满，总的还是可以带小朋友去逛逛的。 查看全部,2017-10-09,
swlv37913080,5,5,5,5,5,【点评有奖第14季】巧克力小镇环境很好，里面虽然不大，但宝宝还是玩的很开心，坐了小火车，玩了滑滑梯，还有制作了巧克力，过了充实的一天！,2017-10-09,
lv85337447,5,5,5,5,5,【点评有奖第14季】国庆去无锡第一个景点就是巧克力小镇，很适合小孩玩耍，节假日人气旺一点平时应该人不多，买了套票还有一次巧克力制作，参观工厂的时候也品尝了好多种类的巧克力，甜死我了。,2017-10-09,
8736173@51fanli,5,5,5,5,5,【点评有奖第14季】驴妈妈上买景点门票，方便实惠，景点也很棒，有吃有玩，还可以陪着小朋友一起做巧克力，是很不错的度假之选,2017-10-08,
8736173@51fanli,5,5,5,5,5,【点评有奖第14季】驴妈妈上买景点门票，方便实惠，巧克力乐园有吃有玩，还能自己动手做巧克力，棒,2017-10-08,
8736173@51fanli,5,5,5,5,5,【点评有奖第14季】第一次在驴妈妈上买景点门票，方便实惠，景点也很棒，有吃有玩，还有小孩儿童乐园，很值得一去,2017-10-08,
lv85216304,5,5,5,5,5,【点评有奖第14季】十一最后一天9点到的!游客没有几个!进去的路程有点长!不过到园内设施和游玩的地方靠得比较近!方便小点的宝贝游玩!儿子玩了大半天乐此不疲!,2017-10-08,
lv134****7909,5,5,5,5,5,【点评有奖第14季】满意,2017-10-08,
ろくがつのあめ1216324,3,3,3,3,5,【点评有奖第14季】就一个景点，其他都没什么好玩的地方。而且停车场啊什么的，这些配套设施都还没搞好。,2017-10-07,
dan7136157,4,4,4,4,4,【点评有奖第14季】趁着国庆还有最后两天，阳光又灿烂，和小姐妹带着两娃出行，近11点才到的目的地，换了票还有一张买巧克力的兑换券，满50减20。排队近20分钟做了小火车，因为是国庆，是坐满就开的，平常好像是根据时间表的，大概一个小时左右一班，坐着小火车看风景很不错，经过一片片花海，非常美，很适合拍照，所以遇见很多新人拍结婚照。做完小火车后随意逛了圈后就参观了工厂，还品尝了各式的巧克力，非常美味。下午做了巧克力，玩了南瓜马车和外面的充气堡，充气堡卫生有点差，但总的来说小孩子们都玩的很开心，还是不错的亲子游 查看全部,2017-10-07,
dan7136157,4,4,4,4,4,【点评有奖第14季】赶着国庆的小尾巴带着宝宝们来玩的，天气很给力，国庆节中难得的好天气，可能国庆节的原因，人还是比较多的，风景很美，有花海，所以看见很多新人在拍结婚照，一进门就能看见做小火车，由于国庆所以人比较多，等了20分钟才坐上，做着小火车可以绕景区一周，看风景很不错，小孩子们看见火车也比较兴奋，做完小火车后参观了工厂，还有免费的巧克力供大家品尝，也可以购买，味道很醇，挺好吃的。园区有中餐和西餐可供选择，由于参观工厂线下来就到了西餐厅，中午就选择了西餐，价格有点贵但能接受，味道只能说一般吧，可能国庆的原因，人太多所以用餐也排队了很久。吃完饭后就diy了巧克力，大概一个多小时能拿，趁着这一个小时逛了逛外面，小孩们玩了充气堡和室外的滑滑梯，总的来说还可以，适合亲子游，小孩子的乐园，一场甜蜜之旅 查看全部,2017-10-07,
兔兔莹86,4,4,4,4,4,【点评有奖第14季】参观了巧克力流水线，一进去一股甜甜的味道，还有试吃，小朋友自己做了巧克力。也有好些可以玩的还不错,2017-10-07,
lv54516194,5,5,5,5,5,【点评有奖第14季】DIY孩子玩的很开心，最喜欢抹茶口味的生巧，抵扣券只能用一楼商店使用。花海不错，如果有真的热气球就棒了，玩的设施可以再多一点,2017-10-07,
lv54516194,5,5,5,5,5,【点评有奖第14季】今天一早出发非常顺利，浦东七点半出发八点半就到了，园内停掉九点半才开，不过玩的很开心，品尝巧克力流水线来的太猛烈没品尝出哪个好吃，只记得第一个玫瑰口味和最后一个抹茶口味,2017-10-07,
lv54516194,5,5,5,5,5,【点评有奖第14季】总体还是不错的，DIY挺有意思，只顾着吃巧克力，额度没有听讲解。花海可能还在养殖中，还不多,2017-10-07,
lv54516194,5,5,5,5,5,【点评有奖第14季】这个气候刚刚好，过节人挺多，适合幼儿园小朋友玩，玩的可以再多点。,2017-10-07,
lv46342788,5,5,5,5,5,【点评有奖第14季】有乐园，淘气堡，免费试吃，小火车，沙滩，花海，很适合带小朋友去玩，生巧也很好吃,2017-10-07,
lv158****2752,5,5,5,5,5,【点评有奖第14季】每次出行前都在驴妈妈旅游网订票，很方便。出行不是特别的拥堵。,2017-10-07,
lv1533657q5kb,5,5,5,5,5,【点评有奖第14季】似乎刚开发好的地方，挺适合孩子们去玩耍，大人休闲聊天，风景还不错，拍婚纱照的好去处，孩子们玩的很开心，巧克力吃的也开心,2017-10-07,
lv67082264,5,5,5,5,5,【点评有奖第14季】国庆去的，人不是特别多，小朋友做做巧克力，玩玩淘气堡，坐坐小火车，很是开心！,2017-10-07,
lv65166698,4,4,3,4,4,【点评有奖第14季】停车场还没建好 路边随便停 园区不大 环境蛮好 凭门票可以乘坐小火车 参观巧克力工厂 生产线上没什么 感觉是作秀 有免费品尝四种口味的巧克力喷泉 还有巧克力块 最后一种辣味巧克力吃了想吐 不建议品尝 DIY制作区在巧克力市政厅那栋楼一层 建议先去做巧克力 做完要等冷冻45分钟才可以拿 做完再逛其他的 有个可可森林 可惜走到那门锁了 不让参观 里面应是可可树 还有片花海 风车 很多新人在拍摄婚纱照 查看全部,2017-10-07,
aohehe,5,5,5,5,5,【点评有奖第14季】过去只要一个多小时，规模不是很大但正好可以休闲玩一天。坐小火车、DIY巧克力、参观巧克力生产工厂等，孩子们玩得很开心，带孩子去玩一次很不错！,2017-10-06,
user66168035,5,5,5,5,5,【点评有奖第14季】驴妈妈价格优惠，巧克力工厂文化诠释的很好，优惠券在工厂店里用来买巧克力也超级划算。,2017-10-06,
cengb21,5,5,5,5,5,【点评有奖第14季】很不错，可以吃巧克力，坐火车。景色也很好，有很多情侣在拍结婚照，国庆节人也合适，不多也不少。,2017-10-06,
lv2546801,5,5,5,5,5,【点评有奖第14季】总体来说挺适合幼儿园的小朋友玩。十一假期人也不多，基本上排队等待都在10几分钟就行。吃饭不贵，东西做得干净卫生。一天玩下来不累，挺好的。,2017-10-06,
lv1386111jcus,5,5,5,5,5,【点评有奖第14季】很好，就是天公不作美，下午下起了雨，该子们玩的开心,2017-10-06,
lv1386111jcus,5,5,5,5,5,【点评有奖第14季】不错的选择，适合孩子们，一个个玩的不肯回家,2017-10-06,
lv65893993,5,5,5,5,5,【点评有奖第14季】父亲脚不行，巧克力小镇服务中心有轮椅借，很方便,2017-10-06,
lv65893993,5,5,5,5,5,【点评有奖第14季】有巧克力，有花海，还有小火车，亲子活动的好去处,2017-10-06,
lv14852084,5,5,5,5,5,【点评有奖第14季】国庆去的早人还不多，中午都在排队了。小孩很喜欢，了解了巧克力怎么出来的,2017-10-05,
lv86710585,5,5,5,5,5,【点评有奖第14季】不错啊，小孩子玩的非常开心，吵着下次还要去呢,2017-10-05,
user66168035,5,5,5,5,5,【点评有奖第14季】驴妈妈价格最便宜，小镇风景很好，午餐推荐中餐，DIY值得选择，胃口好的参观工厂随便吃。,2017-10-04,
lv51381218,5,5,5,5,5,【点评有奖第14季】还不错吧，玩的东西挺多，国庆人也不是爆满！就是餐厅东西太难吃。,2017-10-03,
lv30692333,4,4,4,4,4,【点评有奖第14季】适合小一点的孩子玩，前一天下雨，充气堡都湿的，没法玩，不然孩子更喜欢，品尝巧克力那里，因为国庆假期，人太多，尝的太快，根本没尝好哪个好吃，总体环境不错，卫生挺干净，可以玩,2017-10-03,
lv2163428,1,1,1,1,1,【点评有奖第14季】最不理想的一次出行，设施差，收费高，服务更不能用评价来谈，两个充气堡脏乱差，整个环境不堤了。建议不考虑！！！！！！！,2017-10-03,
lv1376436vhpj,5,5,5,5,5,【点评有奖第14季】驴妈妈购票很合算，现场购票70元不含DIY巧克力制作。场地很大，空气新鲜，小朋友很喜欢坐小火车,2017-10-03,
lv98617528,5,5,5,5,5,【点评有奖第14季】巧克力小镇还不错，小孩子玩的东西都很好，巧克力也很好吃。,2017-10-03,
lv1364165ffp3,4,4,4,4,4,【点评有奖第14季】人气很旺，可以了解巧克力的生产过程，还能品尝好吃的巧克力，还有小火车,2017-10-03,
lv1592561b7qr,5,5,5,5,5,【点评有奖第14季】这次趁十一终于满足了儿子的愿望，杭州过来开了1个小时多，车子停在马路上边上，有保安管理，庄园风景空气不错，参观了巧克力的制作过程，老婆儿子也DIY了，买了巧克力，坐了小火车，总体适合小孩子玩。,2017-10-02,
lv189****9630,5,5,5,5,5,【点评有奖第14季】不是节假日，人不多，坐坐小火车，四处逛逛吹吹秋风，很舒服，回去带几盒手工生巧克力做礼物，非常划算,2017-09-29,
lv13615733f4j,5,5,5,5,5,挺好玩的，地方挺大的，巧克力味道挺不错的。,2017-09-25,
user428942,4,4,4,4,4,休闲亲子游还不错，地方很漂亮，亲子联票比较划算,2017-09-17,
lv137****8104,5,5,5,5,5,还是很不错的，场地很大，看看巧克力的制作流程也正好自己做了份送老师。还是很不错，小火车很好玩，而且现在花开的正盛，很美啊,2017-09-14,
lv1316201xbnh,4,5,5,5,5,【点评有奖第13季】巧克力博物馆和乐园，设计建造很花心思，里面的展品内容也很完整，还有体验活动，一路上巧克力吃过去都饱了，最后买了一些带走。坐着小火车徜徉在花海之中，又是另一番享受，室内外还有多个儿童乐园，加上巧克力制作体验，小朋友玩得不亦乐乎，真的是一次甜蜜愉悦之行！,2017-08-29,
lv13634153t4o,4,4,4,4,4,【点评有奖第13季】适合慢慢悠悠走看吃～那天天太热了，巧克力都化了。,2017-08-28,
lv15800568s94,5,5,5,5,5,【点评有奖第13季】一路上无论收费站还是小镇的工作人员都很好，虽然夏天，坐在小火车看看风景还挺适宜得，巧克力很好吃，还有现做得生巧，先去看生产流水线，一圈过来正好到可以买，还有小朋友的室内游乐园，室外如果天气没那么热的话兜兜还是挺赞的,2017-08-23,
lv158****8862,5,5,5,5,5,开车过去不到一小时就到了，里面不大，但是玩半天足够了。参观巧克力工厂和DTY巧克力，宝宝玩的很开心，下次等天气凉快点了再去。,2017-08-22,
lv93495485,5,5,5,5,5,满意,2017-08-22,
miaomiao8899,3,3,3,3,3,一般,2017-08-21,
wxlv79704642,5,5,5,5,5,很好，孩子很开心，坐了火车，制作了巧克力，满足！,2017-08-21,
lv14493380,5,5,5,5,5,双休日和姐姐去的，里面可能更适合小孩子，貌似还有亲子活动，人不算多。有吃有玩，不错,2017-08-20,
lv25107025,5,5,5,5,5,环境很好，小孩很喜欢，可以吃巧克力，还有滑滑梯。,2017-08-20,
lv139****2014,5,5,5,5,5,假期带孩子来歌斐颂巧克力小镇了解巧克力是如何制作的。一件件先进设备构成的国际顶尖巧克力流水线，观赏到巧克力生产的神奇奥秘；一粒粒可可豆讲述一段奇妙的巧克力故事，让人感受到可可豆的神奇魅力；一个个家庭携子进入儿童DIY制作区，享受着亲子活动带来的天伦之乐。每个区域每个环节都可以体验到巧克力文化的无穷魅力、享受到巧克力带来的的无限甜蜜！,2017-08-20,
就是那德行,5,5,5,5,5,哈哈他咯还不错啊嗯嗯嗯嗯嗯嗯嗯嗯嗯嗯嗯嗯,2017-08-20,
lv22146873,5,5,5,5,5,环境很宜人，坐小火车游览景色有不错，小孩玩的不愿意走，很开心。,2017-08-19,
lv48284181,3,4,3,4,5,驴妈妈上定的票很划算的。感觉里面还没完全建设好，这个季节外面太热，里面又没有多少项目，感觉应该春天去，景色会很好,2017-08-19,
lv13073938,5,5,5,5,5,很适合亲子游玩，巧克力的美味加上DIY创意，让小朋友留下甜蜜的回忆，坐小火车，微风中杨柳依依，芦苇丛随风摇摆，配上动听的音乐，有种翩翩起舞的感觉，很不错的一次体验！,2017-08-14,
lv87305045,5,5,5,5,5,很喜欢，带着宝宝一路很开心，巧克力也好吃，就是交通不太方便，路上有点费劲，没有滴滴打车，滴滴出租有，叫车略慢。里面环境，风景不错，值得带宝宝去,2017-07-30,
user7427019,5,5,5,5,5,虽然哪里都能DIY巧克力，这里可以免费品尝各种口味的巧克力，可以乘小火车，可以看一大片紫色的鼠尾草，有室内室外儿童游乐场，有可可森林，有小河流，有成片的欧式建筑，还有风车小屋，有小码头，有游艇等等都是拍照的好去处。这些都包含在门票内，不用再额外付费。只是停车场离巧克力市政大厅有一段步行15分钟的距离，烈日下走的有点辛苦。 超适合情侣游或者亲子游，如果天气温度宜人，再带个会拍照的伴侣，简直是人生一大美事。 查看全部,2017-07-16,
lv1373688k2uj,5,5,5,5,5,不错的小镇，好多小孩子！几家人家一起去蛮好。边上玩的地方也蛮多！,2017-07-09,
lv30773933,4,4,4,4,4,还不错，可以吃吃巧克力，坐小火车，还有自己动手做巧克力，主要孩子玩的开心！,2017-07-08,
lv1365583vvxd,5,5,5,5,5,已经玩了好几次了，熟门熟路，主要是夏天，室外太热，小镇很多是室内，凉快，外面主要坐了小火车，第一班，比较早，也不热,2017-07-03,
lv30497327,5,5,5,5,5,环境挺美，虽然还没完全建好，以后应该会是个不错的主题公园。巧克力挺好吃，还送3张20元抵用券。娃今天可是吃爽了。还有diy做巧克力的机会，孩子很喜欢,2017-07-02,
lv1851602nsrn,5,5,5,5,5,进门就是一股浓浓巧克力的味道，小朋友学到不少知识,2017-07-02,
lv97383255,5,5,5,5,5,挺好的，进门也很快。里面适合小孩子学习玩耍,2017-06-30,
user11094800,5,5,5,5,5,巧克力乐园非常适合幼儿园的小朋友，其中diy部分非常受小朋友欢迎，让他们知道巧克力的制作过程，很有意义,2017-06-27,
lv203821,5,5,5,5,5,巧克力小镇，玩半日还是不错的，小盆友们特别喜欢在室内的游乐场，看看巧克力的制作流程品尝品尝各种各样的巧克力。太幸福了,2017-06-26,
lv1896995jtcx,5,5,5,5,5,前两天定好门票，2大一小加亲子巧克力制作一共165，还是很方便的，坐了小火车，参观了巧克力工厂的流水线，品尝巧克力感觉都快吃饱了，生巧的味道比较棒，娃喜欢抹茶的，我喜欢牛奶的，品尝完可以买一些带回去送亲戚朋友，有冰袋维持温度。制作完巧克力等待的一个小时带娃们在餐厅吃了点披萨和炒饭，味道还是不错的，然后带娃在门口儿童游乐场玩了一会，拿到巧克力后直奔西塘看夜景，玩没去过的值得带娃去玩玩，进门有花海哦 查看全部,2017-06-19,
user43643228,4,4,4,4,5,有充气堡，小火车，diy，参观巧克力制作生产线。里面景色也不错，是婚纱照的取景点。,2017-06-19,
user68898351,4,4,5,4,5,挺好的。适合带孩子去玩。有小火车可以坐，有巧克力制作的过程可以看，有巧克力的品尝，还可以制作巧克力和甜品，最后就是小朋友们最爱的游乐场了。,2017-06-11,
user68898351,4,4,5,4,5,挺适合带孩子去玩的。一进入小镇就做了小火车，小火车有时间表的，我们坐了9:40那班火车，绕着小镇兜了一圈，看了小镇里的风景，各种花好美丽的，但也有一部分没有弄好，有些凌乱吧。火车坐好以后，正好赶上参观巧克力的生产过程，还有巧克力的品尝环节。最后就是孩子最喜欢的巧克力制作和游乐场了。还是挺充实的吧。,2017-06-11,
非烦,3,3,3,3,3,【点评有奖第12季】真心不推荐。公司组织活动去的，没啥项目，就坐了一趟小火车、逛了巧克力制作楼（机器没运作）如果孩子大一点根本没有兴趣。巧克力DIY还要另外付费，而且非常简单。据说这个园区只开发了一期就迫不及待地营业了，很失望！地点还是挺好找的，下高速一路上有指示牌。,2017-06-05,
lv76117886,4,4,4,4,4,【点评有奖第12季】地方不大，但是可以自己动手做巧克力，带小孩子玩下还行,2017-06-04,
lv48984544,3,3,3,3,3,【点评有奖第12季】喜欢巧克力的朋友们可以去看看，但我个人感觉期待感不大,2017-06-03,
lv158****7654,5,5,5,5,5,【点评有奖第12季】非常棒的一次一日游，陪宝贝过了一个愉快的六一，超赞！能有巧克力吃，能陪孩子玩，有美丽的风景看！很棒，推荐！,2017-06-02,
lv1351571w60x,4,4,4,4,4,【点评有奖第12季】巧克力小镇还没建设好，很多地方都规划了要种花，现在只是草。总体而言还不错，孩子去也比较开心。就是餐厅吃饭的地方点了披萨什么的等太久了,2017-06-02,
lv135****6507,4,4,4,4,4,【点评有奖第12季】两个小朋友一起，一个上午时间，还是值得一玩的。,2017-05-30,
user39396179,3,3,3,3,3,【点评有奖第12季】地方较小，除了吃点巧克力！不值这个门票价！,2017-05-30,
lv40240298,5,5,5,5,5,【点评有奖第12季】满意,2017-05-30,
lv1360578u31x,5,5,5,5,5,【点评有奖第12季】满意,2017-05-29,
tonyhuangqian,4,4,4,4,4,【点评有奖第12季】不错的一次旅行，小朋友很开心，小朋友应该都喜欢巧克力吧，玩的很开心，可以试吃各种口味的巧克力，推荐一家子来玩,2017-05-25,
tonyhuangqian,4,4,4,4,4,【点评有奖第12季】不错一个亲子玩乐的地方，小火车很有意思，小朋友还能参观和学习到巧克力的加工工艺，还亲自体验了把自制巧克力的过程，回来尝了下，还挺好吃的，难道是自己亲手自己做的缘故吗，哈哈，推荐带小朋友的亲子家庭去玩。,2017-05-25,
lv1376456gjpw,4,4,4,4,4,【点评有奖第12季】虽然不能撑满全天，但还是蛮有收获的 第一知道了可可豆到巧克力的制作过程，巧克力博物馆的设计还算用心。第二吃到了不少免费的巧克力。第三买到了划算好吃的巧克力带回家。门口还有大片超美的紫色花海。比某些地方的薰衣草好看多了！足矣！,2017-05-24,
wxlv1652998,5,5,5,5,5,【点评有奖第12季】周日去的，人很多，很多小朋友和家长一起去的，还有很多拍婚纱照的，风景特别好，可以坐12分钟的小火车，,2017-05-16,
lv186****0203,4,5,5,5,5,【点评有奖第12季】适合带孩子亲子活动，不过园区里消费较高，特别是中餐，性价比较低,2017-05-14,
from alipay (208… ,5,5,5,5,5,【点评有奖第12季】满意,2017-05-14,
lv137****5531,5,5,5,5,5,【点评有奖第12季】满意,2017-05-10,
lv2549281,5,5,5,5,5,【点评有奖第12季】很开心的一次旅行，做了小火车，看了加工厂，还亲手做了巧克力，很棒，项目不多，但是够玩了，也不会太累,2017-05-07,
lv137****2131,5,5,5,5,5,【点评有奖第12季】不错啊，儿子玩得很开心。第二天还一大早起来说要再去一次。美中不足的是交通不是特方便，从嘉善高铁站过去，虽然不远，可是没有直接到的公交得转车。,2017-05-07,
lv48225978,4,4,4,4,4,【点评有奖第12季】还行吧，小孩子玩的东西感觉不是特别多。火车比较吸引娃儿，感觉里面应该搞些小荧星大舞台之类的让驻足的游客观看或者参与。,2017-05-06,
lv1885833o55q,5,5,5,5,5,【点评有奖第12季】驴妈妈上订门票确实便宜小镇也不错，适合小朋友,2017-05-04,
lv1860160piyq,5,5,5,5,5,【点评有奖第12季】已经是第二次去了，挺适合小孩子玩的，地方大，有花海，玩水啥，参观巧克力制作过程，免费试吃各种巧克力。对于上海商场游乐场一两百一次的门票，这个算性价比高的，离上海也不远。去年元旦去过一次人很少，做小火车都必须要排队的，这次五一过去做小火车人挺多， 查看全部,2017-05-02,
lv1377722na7o,5,5,5,5,5,【点评有奖第12季】我家两个小孩都喜欢在这里玩。尤其是新建的小火车绕场一周，纵览全区风景。没想到居然还有一个小沙滩！！小孩子在这里玩了一天，恋恋不舍！大赞！！,2017-05-02,
qqlv897330072081… ,4,4,4,4,4,【点评有奖第12季】很好玩的一个地方，多个体验项目，值回票价,2017-05-01,
lv88362116,5,5,5,5,5,【点评有奖第12季】活动丰富，孩子们乐翻了，工作人员也很好，帮助游客解决了问题。好评,2017-05-01,
from alipay (208… ,5,5,5,5,5,【点评有奖第12季】第二次去了，正好赶上糖果节，玩得可开心了，还有充气城堡和海洋球池可以玩！巧克力制作很有趣，小朋友们都迫不及待的把巧克力浆吃掉了，太可爱！巧克力工厂的参观非常长知识，春节去的时候工厂停工，这次终于看到巧克力制作的流水线了～,2017-05-01,
lv139****4929,5,5,5,5,5,【点评有奖第12季】五一带小朋友出游，人不是很多，玩下来感觉不错，小朋友也很开心，里面有中餐厅和西餐厅，西餐厅在外面些，人比较多，中餐厅比较靠后，我们去的时候就我们一桌，菜也还行，价格还不贵，和其他乐园比起来亲民，整个游玩过程不累也不挤还是不错的,2017-05-01,
lv1391819sy1e,4,4,4,4,4,【点评有奖第12季】还不错，各种口味的巧克力免费试吃了一遍，其中居然还有一款是辣的，好奇试了一下，真的不好吃，太辣了，哈哈哈,2017-04-30,
lv80679539,5,5,5,5,5,【点评有奖第12季】小朋友玩的挺开心的。巧克力好吃，环境不错，水质不好啊。,2017-04-30,
lv3144211,5,5,5,5,5,【点评有奖第12季】女儿玩的很开心！很多都是室内的，还有小火车，还做了巧克力diy，参观了做巧克力的工厂！蛮不错的,2017-04-30,
猪罗记㊣2o12,5,4,3,3,3,【点评有奖第12季】油菜花和二月兰开的很漂亮，巧克力免费品尝，特别是生巧，便宜又好吃。一家人玩的很开心。,2017-04-30,
^ǒ^小蜗牛513741,4,4,4,4,4,【点评有奖第12季】还不错，就是昨天去的天气太热了，早上还好，下午根本外面逛不了。小镇玩的项目其实不多，就是户外有个海洋球池（带棚），女儿玩的开心。另外一个暴露在太阳下，就没法玩了。DIY巧克力时间很短，一下就结束了，但对于孩子来说也是喜欢的，主要性价比还不错！,2017-04-30,
lv24636788,4,4,3,4,4,【点评有奖第12季】带着8个月的宝宝去游玩的！互动游戏很多！最好最喜欢的就是巧克力能源工厂里面生产的巧克力，最好吃的是那个抹茶口味的！一家人玩的很开心！就是天太热了,2017-04-30,
lv1375080ftjl,3,3,3,3,3,【点评有奖第12季】好吧，风景还可以，五一人太多了，Diy 的巧克力全搞错了，坏了心情，哎,2017-04-30,
lv18868033o5z,4,4,4,4,4,【点评有奖第12季】不错吧，景色还行，就是玩的地方并不多，适合小孩子,2017-04-28,
lv1381720vzqm,5,5,5,5,5,小朋友玩的很开心 可以体验制作巧克力的过程 也能品尝不同口味的巧克力 而且还有辣味的巧克力,2017-04-24,
cn00373595,4,4,4,4,4,挺好玩的，就是地方有点偏，不好找，各种巧克力也挺好吃。,2017-04-21,
haiiah,4,4,4,4,4,很美。景区里的花都开了。看到很多来拍婚纱的。周六去的。之前过年期间去过一次。这次碰到了一大波团队。全是带小孩的。体验差了很多。人太多了。不过好在景色够美，还有小火车穿梭在花海中。可以免费试吃十几种巧克力，可以摸摸巧克力豆，可以自己diy巧克力。还有免费儿童乐园可以玩。至于里面的午餐。我们吃的意大利面。38一份有点少，不过味道还凑活。值得一去的地方 查看全部,2017-04-16,
lv1895812lz9i,5,5,5,5,5,满意,2017-04-16,
qqlv610109642448… ,5,5,5,5,5,人不多，从玩到吃到赏到学知识都有，觉得还蛮好的。,2017-04-11,
user304618,5,5,5,5,5,不错娃玩的很开心，可以玩一天，有机会还要带娃去,2017-04-09,
lv1362159rmd2,5,5,5,5,5,比较适合带小朋友去玩，里面有小火车，花的海洋，还有免费的巧克力试吃，手工制作巧克力等等,2017-04-05,
lv1590185vqs6,3,3,3,3,3,没什么特点 玩的东西很少 就是个购物的地方 还要门票没什么意思,2017-04-05,
lv9858330,5,5,5,5,5,有吃有玩学知识，小朋友玩得很开心，集齐8个印章，还可以换取一份礼物，最后坐着小火车游览一下小镇全景，结束愉快的旅途。,2017-04-05,
lv1391339ujjy,5,5,5,5,5,带宝宝是非常棒的好地方！值得一去，推荐买带手工制作的门票，这个季节花都开了，超美的，手工制作巧克力，培养亲子关系！巧克力吃到牙疼啊，哈哈哈,2017-04-05,
大头钱钱啊呜,5,5,5,5,5,第二次去了，人超级多，整体不错就是餐饮太差了，东西贵不说，上个菜太慢了等半个小时都是少的！,2017-04-04,
lv189****0630,4,4,4,4,4,导航一定要设置歌斐丽巧克力小镇，不能设置歌斐丽巧克力工厂。,2017-04-03,
lv32072517,5,5,5,5,5,带小孩子去玩还是比较不错的，就是玩的项目少了点，总体还行！,2017-04-02,
lv19527382,5,5,5,5,5,风景很漂亮，有大风车还有小火车 内容丰富,2017-04-01,
lv150****0104,5,5,5,5,5,风景挺好得 适合带小朋友出去玩 买了很多巧克力回来 味道不错,2017-04-01,
lv1395733zrcx,4,4,4,4,4,哈哈哈 不错哦 整体布局还是比较清爽简洁的 我们去品尝了新型的巧克力 参观了巧克力生产线 坐了小火车 还亲手制作了巧克力 回家前还给亲盆好友带了巧克力 小火车很给力哦 可以游览整个巧克力小镇 现在有很多花都开了 在一大片油菜花和二月兰中穿行 感觉很棒哦,2017-03-30,
lv1381791c0qw,5,5,5,5,5,很好，宝宝很开心，制作甜品，品尝巧克力。,2017-03-27,
lv1381791c0qw,5,5,5,5,5,很不错的一次出游，浪漫的花海，景色不借!,2017-03-27,
lv1572115db8q,5,5,5,5,5,不错的体验，小火车风景很好。现在正是季节，花开的很漂亮,2017-03-27,
lv53443771,5,5,5,5,5,非常不错挺适合小孩子玩的看巧克力生产品尝巧克力。制作巧克力很适合小孩子玩,2017-03-27,
lv1572115db8q,5,5,5,5,5,很美啊，门口的花海美的不要不要的。坐着小火车逛一圈 宝宝开心极了。巧克力试吃都是免费的，种类很多。,2017-03-26,
lv1516733ky2m,4,4,4,4,4,还不错，小火车免费，但是只能让坐一次。想再花钱坐也不行，这样不太好。,2017-03-22,
user37028404,3,3,3,3,3,其实就是去吃巧克力买巧克力的，没有多大的惊喜，就这样吧,2017-03-19,
lv137742939k9,5,5,5,5,5,从杭州玩了回上海，中途去巧克力小镇转了一圈。天气不错，人不算多，坐了小火车，参观了工厂流水线，吃了巧克力，做了巧克力，买了巧克力。小朋友很开心。,2017-03-10,
fanciful_mini,5,5,5,5,5,门票50 还是有点小贵的 毕竟里面还没全部建设成功 人不是很多 小孩子很容易满足 一个类似淘气堡的儿童乐园就能玩很久 DIY的巧克力有两种 一种适合小小朋友就是把巧克力倒入模具 另种适合大点的 可以在巧克力上作画 50元的DIY票子只能制作一种 地理位置比较偏 订的九龙山套票 其实是两个方向 一来一去路程就得花两小时 建议直接去好巧克力小镇再去入住宾馆 或者第二天退好房再去 然后直接回家 不然太费时间 查看全部,2017-03-09,
被遗失的海角,5,5,5,5,5,带着宝宝去，参观工厂的时候每款巧克力都随便吃，味道还不错，宝宝们可开心了！参观好了可以自己去做巧克力，这个宝宝大爱。做完巧克力可以免费坐小火车看看风景，玩好正好可以拿巧克力走人了，是带宝宝出去不累而且感觉行程满满的好选择,2017-03-03,
lv1586815jihr,4,4,4,4,4,带小朋友去玩还不错，里面的花海还没成型。,2017-02-27,
元雅月儿2006935,5,5,5,5,5,这个地方很好玩，儿子玩的很开心，下次还会去,2017-02-24,
real-rain939405,5,5,5,5,5,【点评有奖第11季】好的…真不错…小朋友DIY很开心。下次再来！,2017-02-19,
real-rain939405,5,5,5,5,5,【点评有奖第11季】挺适合小朋友去玩的，建筑风格不错。…很多拍婚纱照的。,2017-02-19,
real-rain939405,5,5,5,5,5,【点评有奖第11季】这里的建筑很有欧式风情，带着两个孩子来玩的，总体比较有趣。先坐了火车对歌斐颂巧克力小镇进行了游览，之后参观了巧克力工厂，品尝了不同口味的巧克力，小孩子们动手做了一下巧克力棒棒糖。走的时候还有点流连忘返呢！,2017-02-19,
lv5060860,4,4,4,4,4,【点评有奖第11季】巧克力小镇的规模的确挺大的，可能是太大了，感觉也很空旷，介绍制作巧克力的过程也大多是墙壁上的图文说明，专人介绍比较少，只看到一个人在介绍，不过有两个区域巧克力可以免费供游客品尝，还可以吧，我们也买了一点，价格还是偏贵的，里面还有儿童乐园，还可以坐环绕小镇一圈的小火车，带上孩子玩玩拍拍照还行。,2017-02-18,
lv1590089bcek,4,4,4,4,4,【点评有奖第11季】过完年，乘着孩子还没开学，就带她近的地方一日游了，票子是网上团购的，还是比较划算的，两大一小外加手工DIY自制圈一张。自驾过去的，地方很好找，半个多小时的车程吧。去的那天天气很不错，可能是去的早吧，人不是很多，下午的时候人就比较多了。到那参观了巧克力的制作流水线，品尝了手工制作的巧克力，还坐着小火车，绕着小镇兜了一圈，拍婚纱照的新人还不少哦。中午吃的是西餐，味道还不错，价格算合理的。小镇里还很人性话设有儿童乐园，孩子们在里面玩耍，大人可以放心去选购巧克力。买完巧克力，去接孩子的时候，她都已经交上好朋友了。此行很愉快，打算等春暖花开的时候再去一次，现在去，还都是绿油油的，花还没开了，下次去肯定更美了。 查看全部,2017-02-14,
aplv86915062,4,4,4,4,4,【点评有奖第11季】比较休闲的好去处，人不多，参观了整个巧克力生产流水线，可以边走边品尝巧克力，去的那天正好碰到他们公司节后的领导慰问，也意外收获了许多慰问巧克力，很不错啦！,2017-02-14,
lv66559275,4,4,4,4,4,【点评有奖第11季】适合亲子游的一个地方，我们带着老人们来，老人们比较无聊。,2017-02-13,
lv66559275,4,4,4,4,4,【点评有奖第11季】小众的景点，适合春夏秋季过去，那里有大片的花草种植，坐着小火车可以环游一圈。我们是冬天去的，植物景观看不了，主要就玩巧克力相关的，参观工厂，试吃巧克力，了解巧克力的历史，另外还购置了diy票让孩子自制了巧克力。离云澜湾不远，可以一并游览。,2017-02-13,
lv83387002,5,5,5,5,5,【点评有奖第11季】取票很方便，女儿特别喜欢，说天气暖和了再来玩，吐槽下楼下的餐厅，一杯巧克力奶昔26块，还是用特小的一次性纸杯装的，估计取材方便，齁甜齁甜,2017-02-11,
lv1358457tnrh,5,4,4,4,5,【点评有奖第11季】这个地方对于小朋友是十分开心的地方，除了了解巧克力的生产过程，品尝不同口味的巧克力还能亲手制作一款，非常好。由于是冬天去的，没有欣赏到花海。,2017-02-07,
我的天使宝贝,4,4,4,4,4,【点评有奖第11季】随便看看玩玩还可以，但是总体很小，要是不做巧克力的话半小时就能参观完,2017-02-07,
画纱,5,5,5,5,5,【点评有奖第11季】这个还不错 可以吃很多巧克力 还可以自己做巧克力 味道也是可以的 下次可以再去,2017-02-06,
from sina weibo … ,4,4,4,4,4,【点评有奖第11季】歌斐颂巧克力工厂是个亲子游比较推荐的地方，里面的设施有小火车，凭门票即可乘坐，带你整个外圈浏览观光一遍。内设滑滑梯，淘气堡等游乐设施，同样凭票进入，小盆友玩的比较开心，安全系数也较高。基本上外面玩一次类似的游乐设施也要80元了。待小朋友玩好到整点即可做DIY巧克力，50元一大一小另买票。制作比较简单，基本就是巧克力浆直接注入模具，个人觉得比较培养小朋友的耐心。看到成品，小盆友也很开心，都舍不得吃。买驴妈妈门票还送了抵用券，满50抵20，个人觉得比外面划算很多。参观巧克力工厂有试吃，确实不错，参观制作流水线，有一定的科普意义。总之这一趟还是挺开心的。唯一遗憾的是有一点冷，外面的花没开。想着待到春花烂漫时再来一游。 查看全部,2017-02-06,
lv1361198cqme,4,4,4,4,4,【点评有奖第11季】带孩子来转转还可以，过年天气太冷，绿化都没开，坐小火车也没意思，天气暖和一点会好一点。门票不算便宜，来了总归还要买点东西，吃个饭。,2017-02-04,
lv1358415uwm4,4,4,4,4,4,【点评有奖第11季】里面做巧克力的工厂，春节可能是放假的缘故里面没有人在生产线上！去了感觉像去了个巧克力的购物点,2017-02-03,
lv1396739knon,5,5,5,5,5,【点评有奖第11季】买票很方便，而且比现场买便宜，每次出行都选驴妈妈,2017-02-03,
mackintosh,5,5,5,5,5,【点评有奖第11季】不错的行程，悠闲地下午，吃吃玩玩看看好舒服,2017-02-03,
mackintosh,5,5,5,5,5,【点评有奖第11季】非常好，适合亲子游，买了巧克力，还有自己动手做的！玩的开心,2017-02-03,
lv91759539,4,4,4,4,4,【点评有奖第11季】孩子很喜欢，整体不大但也够了，如果天暖再养些小动物就更好了,2017-02-02,
lv32899740,5,5,5,5,5,【点评有奖第11季】领票方便，天气有点冷，有些地方没去，下次等天？再来，亲子游不错。,2017-02-02,
lv75168807,4,4,4,4,4,【点评有奖第11季】玩的项目有点少，太单一了点，自己做巧克力这个环节小孩很喜欢，还有品尝巧克力原浆很喜欢。,2017-02-01,
jinjingliang,5,5,5,5,5,【点评有奖第11季】好好好，性价比很高，驴妈妈购票也方便，赞！！！,2017-02-01,
啃骨头的喵1722368,4,4,4,4,4,【点评有奖第11季】就是天气有点冷 里面还不错 感觉可以逛的地方不多 最多两个小时就结束了 里面吃的东西较贵,2017-01-31,
大头钱钱啊呜,5,5,5,5,5,【点评有奖第11季】很有意思的小镇，小火车很长，巧克力很好吃第一次参观巧克力工厂好有意思,2017-01-31,
lv1381680unkv,4,4,4,4,4,【点评有奖第11季】可以带孩子去体验，巧克力现场也非常棒，值得去一次,2017-01-31,
lv136****0929,5,5,5,5,5,【点评有奖第11季】进去就坐了小火车绕园区一圈，小盆友们都比较兴奋，参观工厂，品各种味道的巧克力，还能diy，比较适合小盆友玩,2017-01-30,
lv1396739knon,5,5,5,5,5,【点评有奖第11季】不错，比现场买票便宜很多，而且方便，赞。。。,2017-01-30,
天使爱美丽lynn,4,5,5,5,4,【点评有奖第11季】非常好，不仅可以免费品尝各种巧克力而且孩子还能亲自动手自制喜欢的巧克力，有机会还会来玩,2017-01-29,
lv52116619,1,1,1,1,1,【点评有奖第11季】没有新意，没有过年气氛，50块吃了几块免费巧克力，真心不值得，这地方是用来圈地的吗？难道我花钱来看这不欧不美日式的建筑？差评，还不如云澜湾那里随便逛逛来的好玩，有节日气氛,2017-01-28,
lv52116619,2,3,3,3,3,【点评有奖第11季】年初一准时9点准时到，不开放，差评；花海没花，差评；可可森林不开放差评；流程没花头，差评；做巧克力迟到几分钟不肯开放，要知道里面没人，就不能通融一下，等一个多小时才开放，差差评；券不能直接用，差评；总之很差的旅游感觉，服务员态度也很不友好，再见,2017-01-28,
lv15968393cqp,4,4,4,4,4,小朋友玩的地方，还行吧，小孩子喜欢，吃的东西比较贵，拍拍照片挺好。,2017-01-23,
lv53942962,5,5,5,5,5,真的不错，如果春天来应该还要好玩一点，100块门票一大一小，还送了50块的抵用券，diy的巧克力也是会送你的，坐了小火车参观了能源工厂，超值,2017-01-18,
lv1385294ekwc,4,4,4,4,4,这特别适合亲子游，在驴妈妈订的亲子票两大一小一百七，去景区换票还赠送了一百二十元的代金卷全场通用除餐饮外，可以用来买巧克力。门口还有蒸汽小火车座，春天来环着花海巧克力小镇还是蛮赞的，参观巧克力流水线还有巧克力试吃，很多品种吃到腻，参观完用卷买上巧克力，出门口在带上孩子自己Djy一份巧克力可以说小孩玩的可真开心，当然Diy的手工制作都包含在门票里感觉还是蛮值的 查看全部,2017-01-16,
lv13120777y08,5,5,5,5,5,每一個人，每一座城市，每一段路程，甚至每一個夢想的开启；無非让自己沒有遺憾的与現在的自 己握手相拥，然後写一篇关于过去的回忆录，等著偶遇將來的自己...,2017-01-11,
lv13120777y08,5,5,5,5,5,孩子玩的很开心，我们是自驾房车，2家人，舒适的短途游。每一個人，每一座城市，每一段路程，甚至每一個夢想的开启；無非让自己沒有遺憾的与現在的自 己握手相拥，然後写一篇关于过去的回忆录，等著偶遇將來的自己...,2017-01-11,
lv82896170,4,4,4,4,4,可能是周一的原因，人很少，没玩多少项目，就带着宝宝在二楼的儿童游乐区玩了，还吃了中饭！总体蛮实惠的，门票钱抵了购物券，买了小甲虫巧克力，两个小宝贝都很喜欢！,2017-01-09,
lv153****3668,4,4,4,4,4,适合带孩子玩玩，还不错～～～～～～～～～～～,2017-01-08,
lv1348260j3qz,5,5,5,5,5,小朋友太开心了，一路吃过去，估计快过年并且？人不多，一去就坐上小火车啦，还送了110元抵用券买巧克力和小小点心师等几乎全场都可以直接当现金抵。员工都是笑嘻嘻的，做好巧克力还有礼物送，小朋友玩的非常开心，离上海也近，物超所值啊。可惜下雨工厂外的花园都没去逛。,2017-01-07,
lv42424037,4,4,4,4,4,只能说还可以吧，冬天去的，门口的花还没开放，想象一下开花的景象应该是很壮观滴，坐了小火车，玩了滑滑梯，吃了n多巧克力，宝贝开心的不得了，还是像小朋友一样能够单纯的快乐真好。其他建筑应该是还没有建好，建好后再去玩玩。,2017-01-03,
好吃的肝肝,3,3,3,3,4,景区太小了吧，半个小时左右就结束了！除了巧克力工厂看看，就没有什么地方可以走走了，那个小火车也是没什么意思啊，一圈下来没什么可看的，我家小子坐了一会就没劲了！,2016-12-29,
lv151****5052,3,3,4,5,3,国庆期间去人不太多，但是排队太长，坐个5分钟不到的托马斯小火车排了1个半小时队，没办法，孩子喜欢。巧克力工厂参观排队更长，就没去试吃了。玩泡泡的太小了，真是跟图片太不相符，还好不太感兴趣。巧克力味道很好，景色也不错，当时长的火车还没开通，有些设施也都关着。喜欢免费游乐场，小孩子嘛，最看重的还是吃喝玩。,2016-12-28,
lv1373646dbiu,4,5,5,5,5,对于小朋友来说比较新鲜，既能体会做巧克力过程，还能体验大自然风光。,2016-12-26,
jayson_jiang,3,3,3,3,3,说实话，这个巧克力小镇真的偏，过去玩必须自驾！12月份去有点冷，可能太空旷的缘故，小火车要1个小时一班，参观能源工厂很快，基本上半个小时可以逛完！再说里面那个西餐厅真的很坑爹，一盘意大利肉酱面真的少的可怜，居然卖38元，培根炒饭量还是可以的！总体感觉还行吧！,2016-12-12,
biglight0818,3,3,4,4,3,环境不错，散散步，里面的设施建设都没建好，很遗憾。,2016-12-09,
lv1866813c72u,5,5,5,5,5,很方便！里面简直就是巧克力的世界，一路吃巧克力，孩子们乐坏了！,2016-12-06,
lv1391746z5z4,0,4,4,4,4,很适合低龄儿童的亲子游场所。巧克力能源工厂的参观都是有讲解员解说的。可以直接看到在生产的车间流水线，有巧克力喷泉和各种口味的巧克力可以免费品尝。试了几种平时不太吃的：茉莉黑巧克力，抹茶巧克力，辣味巧克力。辣味的还挺让人惊艳的。同时，巧克力小镇还有室内外滑梯和小火车可以乘坐。休闲餐饮的区域也很不错。而且还是婚纱摄影基地，很有点法式庄园加童话小镇的感觉。 查看全部,2016-11-21,
lv137****8774,4,4,4,4,4,感觉还不错，孩子很喜欢，特别是托马斯小火车，坐了两回。,2016-11-20,
lv68393758,4,4,4,4,4,巧克力小镇去的时间点不是很合适，花海没有看到花，刚刚种下去哦,2016-11-14,
lv68393758,4,5,5,5,5,巧克力小镇去的时间点不是很合适，花海没有看到花，刚刚种下去哦。巧克力小镇还在建设中，对于小朋友可以学到点知识，知道可可树到豆的过程,2016-11-14,
lv1381653daqb,5,5,5,5,5,带着孩子去玩的，特点就是巧克力吃到你不想再吃，牛奶巧克力真心好吃！,2016-11-08,
lv137****0852,2,1,2,1,3,几乎没人去，小火车也不开，里面没什么玩的，只是品尝了巧克力，一点都不值这门票钱，很失望！！,2016-10-31,
user67961164,4,4,4,4,5,一进大门就甜甜的味道，手指饼干蘸巧克力酱，太好吃了,2016-10-30,
user67961164,4,4,4,4,5,离上海很近，好多上海的幼儿园团也往这里去。,2016-10-30,
user67961164,4,4,4,4,5,每张票20元的优惠券，相当于六折的巧克力。,2016-10-30,
user67961164,4,4,4,4,5,小朋友有巧克力吃当然是喜欢得要命呀。一路免费吃过去。,2016-10-30,
lv130****3185,4,4,3,4,5,【点评有奖第10季】规模不大，还没完全建好，参观和游戏等待时间太长。,2016-10-24,
lv139****8136,4,4,4,4,4,【点评有奖第10季】过去之后才知道一米二不到的宝宝是不需要门票的 不过已经团了 也没办法了 自驾过去比较好 因为比较偏 那里人很多 到处都是人 自己做点心和巧克力价格还比较适中 小朋友玩的比较开心 就是玩的东西和人不成比例 小火车要排很长的队 天气太热也没有排 总体不错,2016-10-17,
lv1300215d2t6,0,5,5,5,5,【点评有奖第10季】正逢十一长假，又是女儿2周岁生日，前一天到达酒店，生日当天计划上午十里水乡，下午巧克力小镇！ 早晨，早餐后驱车前往十里水乡，离斯维登酒店式公寓超级近！本来以为没有人气应该不怎么样！进去之后发现全程水路，一路划船来回！划船的老伯伯很朴实，健谈，和我们一路介绍这里的风俗人情！水路很宁静很安逸！感觉很放松，远离了城市的喧嚣！一家人都很喜欢！ 而且价格实惠，票价30元，驴妈妈订25元！感觉超值！老伯伯划船很幸苦的！这个票价值了！ 驴妈妈就是靠谱！ 午饭过后，第二站巧克力小镇！也是超级近！开到小镇门口停车场停满了，工作人员安排我们停在路边！下车要走一段路才能到小镇门口！虽然路有点长，但是一路都是家长带着宝贝们！女儿还没进去就超级兴奋！我们单位门票是订斯维登酒店公寓送的！售票处兑换很方便，只要成功预订的短信就可以！正巧托马斯全国巡演！我的天哪！我家的小公主开心死了！还送了小火车的票！女儿坐了2次托马斯小火车！怕对要半个小时，一圈5分钟！但是丝毫不影响女儿的情绪！充气的托马斯，还有各种滑滑梯！还有一个动力大货车还没开放！决定再要去一次带女儿！室内是巧克力工厂！供参观品尝！有当场制作话是巧克力！很精致！还有制作几年巧克力！50一个！里面还有餐厅！儿童乐园！玩一天都可以！女儿超喜欢！小朋友多！互动也多！ 信赖驴妈妈！ 查看全部,2016-10-14,
lv1377722na7o,5,5,5,5,5,【点评有奖第10季】算上今年已经来巧克力乐园3次了。每次都是满载而归。孩子超喜欢。 这次是利用平常时间去的，人很少，基本算是包场游玩了，大赞,2016-10-14,
lv139****2861,5,5,5,5,5,【点评有奖第10季】非常不错正巧碰到托马斯展孩子玩的很开心！,2016-10-13,
user26717503,5,5,5,5,5,【点评有奖第10季】国庆的时候去的，环境不错，很多人拍婚纱照。,2016-10-11,
lv15153990,5,5,5,5,5,【点评有奖第10季】上午9点半去的，天气不怎么好，下起了小雨，不过乡间环境空气都很好，驴妈妈订票比市场价便宜，入场很方便，人气也不错。进去先去坐了托马斯小火车，然后排队进入巧克力能源厂参观，每批参观人数有控制所以比较舒适。看了工厂流水线，品尝了各式巧克力，宝贝兴奋极了。也学到了很多巧克力从原料到成品的知识。后来去了巧克力厨房，票价50每份另外买，自己亲手制作了巧克力。哈哈虽然比较丑，但是造型到烘培都是亲手制作还是很赞。时间有点赶所以没有去参与小小甜品家，门票也是50每份。在园区吃了午餐，意大利面和印尼炒饭，量不多但是装盘品相很好。味道不错价格合理。最后买了一些巧克力作为伴手礼带回家。是一个不错的行程，还是很适合亲子的。 查看全部,2016-10-09,
lv1358507srel,5,5,5,5,5,【点评有奖第10季】女儿玩的很开心，一直不肯走，里面不大，除了制作巧克力，没啥玩头，陪女儿消磨时间了！,2016-10-09,
lv15024647,5,5,5,5,5,【点评有奖第10季】服务态度都相当不错，还在改建当中，门票送的小火车乘坐只是太少，要排队很长时间，停车场有点小，只能停马路上，走进去不少路，不过我儿子做巧克力做的很开心、很成功！总之是一次不错的体验，感谢驴妈妈,2016-10-07,
lv1365673rime,3,3,3,3,3,【点评有奖第10季】驴妈妈购买票很方便，去晚了，不怎么好玩，真心的不值,2016-10-05,
lv8790030,5,5,5,5,5,【点评有奖第10季】去的时候人很多，大人玩的东西很少，很适合小孩,2016-10-05,
lv87261976,3,3,3,3,3,【点评有奖第10季】现场买票70，送20元购买抵价券。网上55元，没有券送！,2016-10-04,
lv87261976,3,3,3,3,3,【点评有奖第10季】没什么亮点，以后应该不会再去。体验的托马斯小火车乘上把我们送到巧克力超市就放下了，空车回出发点！家人在出发点等着，大着肚子还带了三岁孩子，问能不能搭一段路，被拒绝了！想吐槽门票，以往网上订票到景点直接刷验证码或出示相关证件就行，这个必须到售票处登记领票！而且只有一个工作人员负责网上票务，还是手写登记！旁边现场买票的很空，网上领票排长龙！ 查看全部,2016-10-04,
wxlv69884807,5,5,5,5,5,【点评有奖第10季】孩子很喜欢，有驴妈妈的优惠真不错，适合小朋友。,2016-10-04,
lv186****7187,4,4,4,4,4,【点评有奖第10季】国庆长假第一天去的，比想象中人少，整个乐园欧式风格，除了室内参观巧克力制作过程，试吃巧克力之外，室外走走也很不错,2016-10-03,
lv137****3537,5,5,5,5,5,【点评有奖第10季】孩子很喜欢，特别是网络购票还送托马斯小火车的车票，工厂一定不能错过，好多口味的巧克力可以吃，小小甜品师也很好玩，如果要去体验的话个人觉得没必要买楼上出售的棒棒糖巧克力，DIY里就有哪种模具的！,2016-10-03,
小雨伞乖乖,4,4,4,4,4,【点评有奖第10季】带孩子来参观的，参观之后，可以获取很多巧克力的相关知识，孩子会比较喜欢。后来DIY，孩子也是很投入的，大人主要是陪同，不会有很多的体验，建议可以再丰富一些游玩内容，就更好了。,2016-09-29,
wxlv6309713,4,4,4,4,3,【点评有奖第10季】算是比较愉快的旅途，其实只需要半天，规模小了一点，小孩玩的很开心。,2016-09-27,
wxlv6309713,4,4,4,4,3,【点评有奖第10季】没有坐上轨道的托马斯有点可惜，小孩玩的很开心，驴妈妈定的散客票，跟团来的人很多，小小厨师那里不让散客进，后面等了很久才领着做了巧克力。中午吃披萨那里实在太慢。后面想想其实半天可以了，不用在那里等吃午饭，浪费了近两个小时。,2016-09-27,
lv18178588,3,3,3,3,3,除了巧克力工厂，其他基本没东西。70的门票是不是贵了些，我就吃了几块巧克力而已～,2016-09-17,
lv1340212ocuc,5,5,5,5,5,很好！抵用券全部用完！宝宝们玩的很嗨！巧克力也很好吃！,2016-09-14,
lv95449920,5,5,5,5,5,松江过去全程50分钟，非常便捷，小朋友还能免费，地方很大，环境很美，能玩一整天，午饭卖的套餐，相当划算，下次还会再去的,2016-09-10,
lv1599032kiyw,5,5,5,5,5,周边又在扩建了！停车场换地方了！走过去有点远！里面工作人员态度很好！还有个淘气堡！很不错,2016-09-05,
lv1366158mwqx,5,5,5,5,5,环境很不错，网上购票要便宜很多，换票也很方便。地方不大，一下就逛完了。diy了一个小小的巧克力车。有巧克力水果、棒棒糖等，10元1支。,2016-08-29,
lv5400580,5,5,5,5,5,嘉兴开到嘉善50分钟，还是比较好找的。巧克力小镇很适合带孩子来，进去就从巧克力能量工厂开始参观，沿途有巧克力喷泉以及各种各样的巧克力免费品尝。场馆构造也很漂亮，明亮整洁，服务人员都很亲切。儿童乐园也是免费开放的，还有像小丑打扮的工作人员送宝宝花样气球。午饭也在馆内解决，建议品种可以再多一点。总体来说门票真的很便宜，又好吃，下次还回来的。 查看全部,2016-08-28,
lv1381693v8jn,4,4,5,5,4,带小朋友来玩，小镇很大，停车场到大门有一点距离，喜欢巧克力的香味，可以试吃，还有游乐场。,2016-08-27,
lv74322477,5,5,5,5,5,太适合亲子游了，里面各种口味的巧克力无限试吃，还有游乐园免费玩耍，小孩子和情侣还可以免费DIY自制巧克力，参观了可可豆的神奇之旅，长了很多知识！里面的风景美的像童话，看到好多新人在那里拍摄婚纱，适合女孩子和情侣各种自拍凹造型、梦幻房子、南华马车、樱花树、爱的主题墙……,2016-08-24,
lv159****5643,3,4,4,4,4,清新小镇，孩子们玩得很嗨！只可惜天太热了，带回的巧克力全化了！,2016-08-22,
lv159****5643,3,4,4,4,4,带孩子们去的，孩子们玩得很嗨！驴妈妈值得信赖，取票都很顺利。,2016-08-22,
lv137****4883,5,5,5,5,5,很好的一次出行，全家总动员，值得推荐！！,2016-08-21,
lv137****4883,5,5,5,5,5,很好的一次游玩，美丽特色小镇，适合全家一起。,2016-08-21,
lv159****6530,5,5,5,5,5,孩子生日的当天去的，外面的天气很热虽然路上风景不错但是太过炎热基本上连停下来看一眼的劲道都没有就直奔工厂，工厂的环境是相当不错，里面的设计很精致，透明的玻璃下是生产线显然孩子没有被生产线吸引而是边上一排排的原料、免费试吃的巧克力，还有饼干条沾取巧克力瀑布，都让孩子们兴奋不已！50元的diy亲自试验有些小贵不过很有纪念意义.总体来说还是不错的一次体验，值得一去！增长见识的亲子活动 查看全部,2016-08-20,
溜溜妈0621,5,5,5,5,5,绝对适合亲子 避暑好去处！里面地方大 关键都是室内的 还有游乐场 可以供小朋友玩耍 只是刚开始不认识路 所以绕了个大圈子 不过好在没有让我失望 本来打算里面玩玩一个小时么 差不多了 结果娃娃特别喜欢 都玩疯了 配套设施不错 吃饭什么都有 还可以免费试吃巧克力,2016-08-20,
timezones,5,5,5,5,5,非常不错的亲子景点，门票也不贵，还能学习巧克力的制作过程,2016-08-14,
lv139****0803,3,2,3,3,4,没什么新鲜感，就是参观巧克力工厂，可以免费品尝巧克力，门票35一张也不便宜，可能小朋友会喜欢吧，不推荐,2016-08-12,
lv138****1188,5,5,5,5,5,里面的巧克力制作得好漂亮，孩子自己做画也很不错呦。,2016-08-11,
lv138****1188,5,5,5,5,5,我们周一去的，人很少。主要就是参观巧克力的制作流水线，主要还是这个企业的产品推广。值得一说的是巧克力确实很好吃，而且小朋友可以体验自己动手制作和绘制作巧克力的乐趣。但既然是让购物了，再卖门票，感觉有些不值得。不过据说这个工厂投入了9个亿的。里面有个超大型的巧克力雕塑哦。,2016-08-11,
lv1363630bt9b,5,5,5,5,5,这里真的很适合宝宝来玩，可以品尝巧克力还有好玩的游乐场还有diy,2016-08-10,
qqlv282660763453… ,4,4,4,4,4,还不错，室内的适合夏天去，里面还有一个小型的儿童乐园。,2016-08-10,
lv1363631kyw2,5,5,5,5,5,去过几次嘉善了，一直经过此地，今天终于带女儿去了。首先停车很方便，隔壁好像就是云澜湾温泉，走去工厂还有一段路程，不过沿途风景很美，花花草草，很适合大小朋友拍照凹造型的。随后驴妈妈取票也非常方便，还送了购物的抵用券，很划算哦。进门口有若干个小场景可供游客们拍照留念，因为夏天的关系吧，景区里面人很少，随便有点热，可是游玩很舒服，接着我们参观了能源基地，品尝了免费的各式各样口味的巧克力，都很不错哦。随后还有小型的儿童游乐场可供小朋友们玩耍，一楼是消费者的场所，大家可以根据自己的喜好动手制作巧克力留作纪念。我带孩子一共游玩了3/4小时，一次不错的体验。 查看全部,2016-08-10,
lv1333617fjta,4,4,4,4,4,景点小，一会儿就逛完了，免费吃了巧克力，味道可以的,2016-08-09,
lv1333617fjta,4,4,4,4,4,景点小了一点，没啥可看的，不过胜在景美，门票也不贵！小朋友开心,2016-08-09,
okahan,4,3,3,4,5,挺不错的地方，干净，员工亲切，还白吃了好多巧克力，加分！呵呵。 地方不大不小，基本全室内，夏天很舒服，不过停车场走去要晒点路。里面有真实的巧克力生产线，工作人员会讲解相关的知识。有巧克力喷泉可以蘸了试吃，还有很多口味试吃的巧克力。对比较小的孩子，有个小游乐场供放松嬉闹。驴妈妈买票还送了50-20的巧克力抵用券，里面的巧克力本身就是工厂价蛮便宜了，用券更实惠，不过生产日期不是很新，而且担心天热容易化，所以没买。diy了巧克力，回家儿子很宝贝，不肯让给妹妹吃，哈！ 查看全部,2016-08-09,
lv89664980,5,5,5,5,5,对于孩子来说还是不错的，风景也都OK，我想下次还会再去的！,2016-08-08,
wxlv51373208,4,4,4,4,4,孩子玩的非常开心！亲手制作了喜爱的巧克力！,2016-08-08,
user31659805,5,5,5,5,5,去嘉善许多次经过歌斐颂巧克力工厂，今天终于亲临了下。首先停车很方便，不过停车场距离入口处还有一段距离，沿途风景不错，不是天气太热，可以多拍几张照片，在驴妈妈定的票子，取票很方便也优惠了。参观了巧克力能源基地，还有一些知识性场所后，2楼有一个免费的儿童小型游乐场，还不错哦，接着到了1楼，就是手工制作巧克力的体验场地和购物场地，首先自己制作巧克力分2钟，一种适合小孩，一种适合大点的孩子或者大人，我们都体验了一把，感觉还不错。接着有个工厂店，里面的巧克力价格比市场上略便宜，我们定的成人票还赠送了20元抵用券，所以更加优惠了，喜欢吃巧克力的朋友真心不错。总之觉得总体不错。最遗憾的是辣味黑巧克力只有免费品尝，没有卖哎。 查看全部,2016-08-07,
lv71600874,3,3,3,3,3,不值！地方太小！大热天只能在屋里，没多大的地方，不值门票！,2016-08-07,
lv71600874,3,3,3,3,3,春秋天气温度不高，可以外面走走玩玩还是不错的！现在这大热天只好在里面，项目不多，没什么意思！,2016-08-07,
qqlv628408022882… ,5,5,5,5,5,在小镇上的能量工厂做了小小甜品师，品尝了很多口味的巧克力，竟然还有辣味的。在一楼西餐厅吃了顿午餐 人均50，口味也还不错。整个小镇给人的感觉很放松，可能是一直播放童话歌曲的原因吧。工厂的流水线很有意思，要是有解说讲解的话就好了。小镇里风景很好，宝宝和家人都很开心，美好的回忆留下了！,2016-08-07,
lv1365583vvxd,5,5,5,5,5,小镇又有了改变，停车场有点远，但走过去风景也不错，游玩的路线现在更合理了，在能源小镇那里，除了参观巧克力生产，还有各种口味的巧克力可以品尝，夏天天气热，糖果乐园的很多布置还在，但都更喜欢在室内玩，尤其是儿童乐园，大人可以休息一下，小孩依然还能玩，还有小小甜品师，孩子可以巧克力DIY，大厅还有乐器演奏，能完整弹一首曲子的可以得到巧克力奖励，还有小丑送气球，可以根据孩子要求做成各种造型，不过只有在某个时间点出现，非常适合带孩子去玩 查看全部,2016-07-19,
lv1365583vvxd,5,5,5,5,5,已经是第二次去玩了，相比第一次，小镇又有了很多改变的地方，有了停车场，虽然有点远，但是走过去风景也不错，小孩跑来跑去很欢快，游玩的路线现在更合理了，在能源小镇那里，除了参观巧克力生产，还有各种口味的巧克力可以品尝，实在太多，都没有全部品尝完，因为吃腻了，哈哈，参观累了，就去儿童乐园休息一下，不过，是大人休息，小孩可还是狂玩，非常适合带孩子去玩，当然还有巧克力DIY，孩子的最爱 查看全部,2016-07-19,
lv1396732s673,5,5,5,5,5,很有创意，布局完美，工作人员和热情，服务很周到,2016-07-10,
lv69799024,4,4,4,4,4,还不错哦，就是内容挺单一，本来想去看热带植物园的，结果温度不够没法看,2016-06-22,
lv69799024,4,4,4,4,4,环境还不错，驴妈妈平台购票最主要可以赠送巧克力购物券,2016-06-22,
lv47634886,3,3,4,4,4,周末去的 人不是很多 做巧克力的生产线没有开 玩的地方不是很多 小孩玩地蛮开心 工作人员蛮热情,2016-06-21,
lv1302919,5,5,5,5,5,地方比较小，玩的地方也不多！不过绿化还蛮多！拍婚纱的很多！,2016-06-17,
lv18058801,3,3,3,3,3,性价比真的很低，几乎没什么好玩的地方，而且很费钱，就免费吃了几口巧克力,2016-06-14,
lv1356739yomp,3,1,3,3,3,外环境不错，花园很漂亮，门口一大片紫色马鞭草很吸引人。巧克力工厂天热了没开，基本就没看头了。有一小段试吃的地方，基本口味大同小异，太甜，尝两三个就没兴趣了。不知道有没有走完，其他除了制作工艺介绍好像就没什么了。娃只对里面的儿童乐园感兴趣，这个还很新，周一去没人，包场玩。那边有订婚礼巧克力，准新人可以去看看。旅游的话，去过一次应该就不会再去了。巧克力不算贵，可以买些带回来尝尝。就这些啦！ 查看全部,2016-06-13,
lv69799024,5,5,5,5,5,53块钱还送了两张巧克力购物抵价券，感觉相当实惠,2016-06-13,
zhengyanhong,5,5,5,5,5,驴妈妈旅游就是好用啊！我是网上购票，便宜实惠还送巧克力购物抵价券，超级划算啊！巧克力小镇有吃有玩，孩子特别喜欢！,2016-06-12,
zhengyanhong,5,5,5,5,5,巧克力小镇很不错，首先外部环境很美，有大片的薰衣草花海，热气球，卡通的糖果和风车，美美的，其次，巧克力工厂孩子们特别喜欢，即学到知识又品尝巧克力的美味，赞推荐有娃的家庭参加！,2016-06-12,
user440623,4,4,4,4,4,因为带着小孩，所以这次端午选择了歌菲颂巧克力小镇，地方很大，室外有滑滑梯什么的，还有大风车，一大片绿地，不太热的时候室外玩一下还是不错的。进入室内，有手指饼干蘸四种巧克力酱可以品尝，巧克力酱是热的，所以吃起来感觉特别好吃。小孩子吃得满手都是。之后沿途还有各种成品巧克力吃，各种口味。二楼还有一个挺大的游乐场，跳跳床，波波球，滑滑梯，小木马，很多适合小孩子玩的。家长可以趁机休息一下。还可以diy手工巧克力，50元一人。慢慢玩，还是可以玩蛮久的 查看全部,2016-06-12,
qqlv218580552428… ,3,3,3,3,3,很普通的一个景点，端午带孩子随便逛逛，优点就是人少清净，驴妈妈的预定服务很好，比现场买票省了不少，下次还会选择驴妈妈！,2016-06-11,
qqlv218580552428… ,3,3,3,3,3,很普通的一个地方，优点是清净人少，端午和朋友出去他们孩子都是小学生才去的，吃吃巧克力随便逛逛，驴妈妈的门票很方便，比现场买便宜不少，下次还会用,2016-06-11,
瞬间即永恒,4,4,4,4,4,带着孩子可以去感受一下巧克力文化，还可以！,2016-06-11,
瞬间即永恒,4,4,4,4,4,地方不大，如果你是巧克力咪的话，可以考虑去一下！,2016-06-11,
五十米深蓝,5,5,5,5,5,风景比想象的好，小孩也很喜欢，一个不错的景点,2016-06-08,
lv150****8809,3,3,3,3,3,巧克力味道还不错 不值得推荐去玩 不太好玩,2016-06-07,
lv150****8809,3,3,3,3,3,没什么太多意思 不值得推荐区 不太好玩 哈哈 。。,2016-06-07,
lv1356796rmsr,5,5,5,5,5,【点评有奖第9季】很好嘛又近又不贵哈哈，还可以更参与性更高一些，尚在建设中,2016-05-22,
lv1357535oosa,4,5,3,4,4,【点评有奖第9季】小镇地方不大，小孩子可以玩的东西不多，但是有巧克力吃，就很开心,2016-05-16,
lv1381731gajl,3,3,3,2,3,【点评有奖第9季】按照门市价是70元一张的话，感觉太没意思。只有小孩会去哪。成年人，除非是巧克力迷。否则，走过路过还是错过吧。,2016-05-08,
user393451,3,3,3,2,3,【点评有奖第9季】没什么特别好玩的和值得回忆的地方，估计下次也不会再去了。,2016-05-08,
lv69642892,4,5,4,5,4,【点评有奖第9季】很适合小朋友游玩，讲解了巧克力的历史，学习与游玩一起了,2016-05-05,
user23048740,5,5,5,5,5,【点评有奖第9季】5月1日去歌斐颂，公园里游客数比较多，但相对其他景区来说，已经算是不错了。里面有巧克力生产流程的介绍和巧克力知识的展览，还可以参加巧克力的diy，内容比较丰富。,2016-05-03,
user336188,4,4,4,4,4,【点评有奖第9季】五一假期去的，头天晚上住的嘉善市区，晚上临时买票决定去的，路上倒是不堵，风景也很不错，只是人太多，车都停在乡间小道上，要走一个U字型才到，走了将近半小时（也是醉了，其实有条小道可以直接进去的，出来也就10分钟），在票务中心换票，不过标识不清楚，网上购票人数较多，却只有一台机器可用，排队时间长，票换好后进入参观，正好碰到糖果节，里面全部都是卡通的糖果造型，好玩，参观了巧克力工厂，里面只有小部分机器在工作，其余的估计是给游客看的流水线，品尝了巧克力，味道还行，个人觉得太甜了一点，然后就是小朋友可以DIY，小朋友开心的不得了，总体感觉风景很好，就是地方不够大。 查看全部,2016-05-03,
lv139****2027,4,4,4,4,5,【点评有奖第9季】五一节去的嘉善，原来这个和那个斯麦什么的是一个地方，在网上买的票子，正好碰到那里举办糖果节，人超多，停车的地方距离门口好远，有了好多路，不过还是蛮不错的，参观了巧克力的制作过程，听了巧克力的原材料介绍，品尝了巧克力，味道还不错，就是有点太甜，小朋友还是很开心的，有的吃，有的玩，还有自己能够动手做，风景也很好，服务也很到位，在参观的中途碰到有个妈妈把自己的孩子弄丢了，工作人员很帮忙，没多久就找到了，对了，还看到号称世界上最大的巧克力建筑，吉尼斯纪录。 查看全部,2016-05-02,
wxlv51373208,3,3,3,3,3,【点评有奖第9季】孩子心心念念的去巧克力工厂diy今天终于如愿以偿。环境还是不错的，孩子玩得比较嗨！只是以前赠送的20代价券直接抵费不需要满多少抵，如今要满50元抵一张，我们两大一小共有4张根本用不完，巧克力太甜腻，这也许是商家的一种盈利手段。不过建议商家不要得一时之利而让顾客望而却步！孩子在做小小甜品师的过程中表现得很出色。听得比较仔细。动作有模有样，成果也是蛮可喜！ 查看全部,2016-05-02,
lv189****5653,5,5,5,5,5,【点评有奖第9季】小朋友一定喜欢的地方，有吃有玩，还能DIY巧克力。,2016-05-02,
lv139****9947,5,5,5,5,5,【点评有奖第9季】有吃有玩有看，亲子互动的好地方，而且大朋友们也可以一起玩，找到童年的乐趣。^_^,2016-05-02,
user23048740,5,5,5,5,5,【点评有奖第9季】5月1日去歌斐颂，公园里游客数比较多，但相对其他景区来说，已经算是不错了。里面有巧克力生产流程的介绍和巧克力知识的展览，还可以参加巧克力的diy，内容比较丰富。,2016-05-02,
江沪旅游,5,5,5,5,5,【点评有奖第9季】人非常非常多。工业旅游的典范。值得一去。,2016-05-01,
江沪旅游,5,5,5,5,5,【点评有奖第9季】超级棒的地方，人气相当爆棚，小朋友玩得很开心。,2016-05-01,
lv1885736jda3,1,5,5,5,5,【点评有奖第9季】儿童票 小朋友玩的挺开心 买了好多巧克力回家,2016-04-30,
lv1885736jda3,5,5,5,5,5,【点评有奖第9季】驴妈妈一如既往的好 四个人两百多的票价我用奖金抵用了一百多～ 巧克力乐园里面可以免费品尝巧克力哦 小朋友很开心 门票还送购物抵用劵,2016-04-30,
lv1373644afrp,5,5,5,5,5,风景优美！好玩！推荐自己动手做巧克力。流水线现代化，还有国际大师现场表演。,2016-04-08,
lv18329165sba,3,3,3,3,3,我们是节假日去玩的，天气还好，人也还算多，有好多拍婚纱的。但说实在的，园区并不大，里面diy的巧克力是要额外收费的，而且去的那天流水线是处于停工状态，所以看不到巧克力制作的流程，有点遗憾。其实综合起来55的门票价格偏高。,2016-04-06,
lv137****6593,4,4,4,4,4,感觉还是不错的，意境很好，很适合拍写真，用优惠券抵扣买的巧克力味道挺纯正的，适合慢节奏的休闲，可以带着孩子一家其乐融融的享受之！,2016-04-03,
lv13030913,5,5,4,5,5,适合孩子来玩，又涨知识又有巧克力吃，孩子玩得很开心，门票还有20元抵用券，买了巧克力好味道,2016-03-27,
lv56394939,5,5,5,4,5,参观了一条长长的走廊，介绍了巧克力的制作流程，又自己亲手制作。每张票给了20抵用券，又拍了风景照片。一个半小时内容充实，很值得带孩子玩一次。,2016-03-27,
user320035,5,5,5,5,5,带着娃去的，参观了巧克力工厂，风景也不错,2016-03-20,
lv1385732kcrn,5,5,5,5,5,来了看看，体会不一样的风景和心情，你会发现其实需要改变。,2016-03-09,
lv180****3331,5,5,5,4,4,很好玩 孩子很喜欢 乐园很干净 也很安静 就是再加项目就更好了,2016-02-27,
lv1886867ewy5,5,4,4,5,5,【点评有奖第8季】里面不大，玩的东西很少，自制手工巧克力还是可以的，就是要自费,2016-02-17,
lv139****0359,1,3,4,4,4,【点评有奖第8季】晚上住在嘉善市区，早上导航过去只有10公里路，开车只有20分钟不到挺方便的，就是停车的地方有点远，下着雨一路打着伞过去都湿了，不过指示都很清晰，我们去的时候人不多，一会就换好票顺利入园，还领了一个任务卡，直接从能源厂入口进去，可惜春节工厂停工没有看到巧克力加工过程，小朋友太小一圈走下来，基本都在找任务了，没有看什么，30分钟完成，倒是最后在一楼的大厅游乐场和巧克力工厂店玩了好久，总体感觉因为好多设施都未完工，玩的不尽兴，但看了导视图非常期待所有设施完工后再来玩 查看全部,2016-02-16,
lv82809274,5,5,5,5,5,【点评有奖第8季】很有意思的旅行，让小朋友体验了制作巧克力，里面绿草成茵，就是春节期间工厂流水线停工，不然更有意思。,2016-02-16,
lv1886867ewy5,5,3,3,4,5,【点评有奖第8季】里面不大，玩的东西不多，DIY巧克力制作还算不错，孩子很开心,2016-02-15,
qqlv864072642281… ,3,3,3,4,4,【点评有奖第8季】春节去的，规模不大，2小时可以逛完。按远期规划，加入游乐项目，估计还是可以增加人气的。,2016-02-15,
qqlv864072642281… ,3,3,3,4,4,【点评有奖第8季】春节去的，规模不大，2小时可以逛完。如加入游乐和园艺项目，人气或许能增加很多。,2016-02-15,
qqlv864072642281… ,4,3,3,4,4,【点评有奖第8季】春节最后一天去的，人不多，景区1期规模不大，2小时可以全部逛玩好。如按照2，3期规划，放入游乐项目，或许可以增加人气。,2016-02-15,
yaoyao_0514,5,5,5,5,5,【点评有奖第8季】孩子在小镇里很开心，体验了自己做巧克力，感觉没玩够，以后还要来,2016-02-14,
user100493,5,5,5,5,5,【点评有奖第8季】它是集介绍、制作、互动、观光…为一体的巧克力主题旅游景点，在里面有吃有玩，还能详细了解巧克力的诞生过程，从种植采摘到运输制作成品等等等等；试吃区的巧克力瀑布告诉我们不同类别的巧克力所具有的不同品味感受；亲眼观看甚至亲手制作巧克力也是小朋友最喜欢的互动环节；还有现代化的制作车间供参观；用满50减20红包券在礼品店购买自己心仪的巧克力；吃着巧克力走在花园般的小镇里，看看风车、和Love 合个影，真的恍若置身瑞士了^_^ 查看全部,2016-02-14,
user60197155,5,5,4,5,5,【点评有奖第8季】由于早上下了大雨，到了小镇人不多，空气好，拍照的场景很多，还有巧克力制作工艺介绍，寓教于乐，涨了不少知识，领票处还有任务卡片，可惜只顾着玩了，没完成任务，送的巧克力很好吃。赠送了80元的现金优惠券，买了很多巧克力，又便宜又好吃，保安和工作人员服务态度很好，很热情，会详细告诉我们问的问题答案，整个小镇弥漫着巧克力香味，真的太浪漫了，情人节必去的地点啊！吃饭只有西餐厅，比萨和意大利面之类的，中餐厅不开放，不知道是由于过节的原因还是什么。车程离上海一个半小时，带小孩子双休日过来玩玩还是很不错的。 查看全部,2016-02-14,
lv139****1587,5,5,5,5,5,【点评有奖第8季】无意中看到的一元门票，想不到意外的不错，很适合带小朋友来,2016-02-13,
tt94548075,5,4,5,4,5,【点评有奖第8季】环境还是不错的，早上去的，人不是太多，小孩子去去可以，但是园内没有完全开发完成，还有好多待建的，玩的东西还不多，吃的方面选择也不多，适合自驾游，周围再发展起来，会更好。,2016-02-11,
lv138****1884,5,5,5,5,5,【点评有奖第8季】适合小孩的地方 小孩玩的很开心 能玩还能涨知识 推荐。,2016-02-11,
lv138****1884,5,5,5,5,5,【点评有奖第8季】去的那天天气很好 风景很好 里面还有DIY巧克力 让宝宝自己动动手很不错～,2016-02-11,
wxlv20816214,5,4,4,4,4,【点评有奖第8季】带孩子去玩挺不错的，风景如画，而且有送巧克力，真的很不错！特别是巧克力很好吃，比……芙好吃多了。,2016-02-07,
lv39563713,1,1,5,3,4,【点评有奖第8季】园区原本门票就是免费的，驴妈妈还算优惠收了一元钱，这算不算骗收？注明不退的，虽只1元，被骗的感觉还是不爽,2016-02-02,
lv130****1592,1,5,5,5,5,【点评有奖第8季】周一去的，人很少，地方蛮大的，但交通只适合自驾,2016-01-26,
长·弓1185619,4,4,4,4,4,总体不错，适合小孩子，项目再多一点就更好了。,2016-01-05,
长·弓1185619,5,4,3,3,4,时间不需要很久，一个半小时搞定，小孩子还算高兴，大人一个陪就好了,2016-01-05,
lv139****2493,5,4,4,4,5,自驾还行，交通不方便。但服务很好，那边的人都很热心。很会为人着想。为他们点个赞!,2016-01-04,
from tencent wei… ,5,4,4,4,4,不错，值得带小朋友一去，地方不算太大，交通方便。,2016-01-04,
from tencent wei… ,5,4,4,4,4,地方不是太大，但里面还不错，巧克力文化很好，小朋友很开心。周边景点也很多，许多还没搞好，总的来说还是不错的,2016-01-04,
from tencent wei… ,5,4,4,4,4,不错，人不多，参观一下，小朋友做做巧克力很开心，驴妈妈购票也划算,2016-01-04,
user385135,4,3,4,3,4,买了两大一小的票。和云澜湾温泉两个方向，有指示牌。百度地图导航指示的是老入口，现在有新入口了好像。随着指示牌也很容易找到的，不用停车费。整个园区是影视基地，大片草地，还有布景，拍婚纱的很多。能摄影的可以自己给孩子拍外景了。票务中心取的票，门口扫门票上的二维码进去。工厂区参观巧克力的生产过程，通道两旁有介绍。里面有巧克力试吃，有送小包装的巧克力，曲奇黑白巧克力。还有自费的体验巧克力制作区。楼下超市可以用门票赠送的20元抵用券，直接买，不用满多少才能用。还有送小朋友气球制作的小动物，儿童游乐区，餐厅是西式的，披萨68，78的，价格不算便宜。门口有些带伞的餐椅，也可以自己带着食物在那里吃。外面也有和小小的滑滑梯等设施。用的来说，有吃有送，还算可以。和上海的巧克力乐园很多巧克力做的模型感觉不一样。 查看全部,2016-01-03,
user385135,4,3,4,3,4,买的驴妈妈50元的门票，先到旁边的票务中心打出门票，同时有20元抵用券，只可以在工厂下面的超市使用，就是在一楼吃饭的地方那里。没有使用限制，里面有各种价格的巧克力。先是参观工厂，车间在一楼，我们参观走的是二楼，看不太清楚，基本都是流水线，没什么工人。然后有个巧克力喷泉的试吃点，给你手指饼干，沾各种口味的巧克力吃，我还是最爱黑巧克力。后面还有个做巧克力包装的，每张门票一小盒，四块曲奇黑白巧克力。还有个小博物馆介绍可可果的。然后就是自制巧克力了。楼下有儿童游乐区，适合小小孩的，还有餐饮区，卖披萨和意大利面冰淇淋。外面就是很大的草坪还有布景，有人拍婚纱，是什么影视基地。参观一下，不做手工的话1个多小时就差不多了。DIY都是另外收费的，大概50元和100元两个档次。 查看全部,2016-01-03,
纸箱,5,3,4,4,4,适合小朋友游玩，有吃有玩真的非常不错！！,2016-01-02,
lv13472503hmb,5,4,4,4,4,适合拍婚纱照。小孩玩蛮好。,2016-01-01,
江沪旅游,5,4,4,5,5,户外绿地，空气不错，在这个雾霾天感觉是个不错的去处。西餐厅的饭菜味道不错，还有免费巧克力品尝，真是很不错的小孩子玩的地方。,2016-01-01,
江沪旅游,5,4,4,5,5,规划很好，人气也可以，据说三月后会增加更多项目，是学龄前儿童喜欢的地方，也是举办婚庆庆典的好地方。可以了解到很多巧克力的知识，还可以看到巧克力加工得过程，非常不错。,2016-01-01,
qqlv971026382988… ,5,5,5,5,5,挺好的一个庄园，要是春天夏天应该更美。可以参观巧克力生产线，试吃巧克力酱，了解巧克力文化，自己动手做巧克力，小孩子很喜欢。取门票也方便，每张门票送一张20块抵用券，可以在工厂店买巧克力，价格也比较公道。自己做巧克力是50/人。外面草坪挺美，有拍婚纱照的，还可以举办草坪婚礼。,2015-12-27,
lv13962216lu3,5,5,5,5,5,虽然抢了票，临时有事没去成，有些可惜了。,2015-11-27,
lv13962216lu3,5,5,5,5,5,听说挺好的，可惜自己没去，有些遗憾，下次一定去,2015-11-27,
lv1367172ks0r,5,4,4,4,4,地方还是挺美的，挺稀奇的，还是可以去看看的,2015-11-15,
user478751,5,4,3,5,5,风景很好，场地也很大，服务很好很干净，就是内容太少了，不能参与巧克力的加工，只能花50块钱最后制作。,2015-11-09,
atao100,4,3,3,4,4,还不错，特价的时候去还是可以的，正价就不划算了。适合带小朋友出行,2015-10-30,
lv1360055uihm,5,4,4,4,4,带小朋友玩挺好的，推荐。一大一小送了一张代金券，门票再优惠点更好啦。,2015-10-16,
lv1385739v6nh,3,5,3,3,5,如果孩子大一些可以去玩玩手工巧克力，这个景点附近还有其他景点，可以一起玩,2015-10-08,
lv1586833bbnu,5,5,5,5,5,带了两个宝贝去的，参观了工厂，包装了巧克力，又制作了巧克力（另外付费的），两个孩子都玩得很开心！里面的西餐厅东西做得也很好吃！环境也不错，好多新人在里面拍婚纱照。总之是一次不错的体验！,2015-10-06,
lv1599039hd3k,5,5,5,5,5,总体感觉不错。两大一小去的，小孩玩得很开心。乐园里面风景挺好，有拍婚纱照的。楼里可以看到巧克力生产过程，有巧克力和可可豆介绍，有试吃，还有微信关注送一小包（四小块），一楼有儿童游乐区。 DIY有私人订制、巧克力厨房和小小甜品师。小小甜品师50元，小孩自己制作，玩得开心。 缺点: 试吃太少了，门票70感觉性价比不是很高。我们网上定的是55元，小孩1米1以下免费。 查看全部,2015-10-05,
lv138****1828,5,5,5,5,5,午饭吃的景区内的中餐，中餐厅在较后面，有点难找。去的晚了，儿童套餐没有了，点了其它套餐，价格也适中，味道不错。,2015-10-03,
lv138****1828,5,5,5,5,5,停车场离景点有一点距离，有很多拍婚纱照的在那儿取景。内设有儿童游乐区，DIY作巧克力，万两不误？？？？,2015-10-03,
from alipay (208… ,5,5,5,5,5,希望可以有更多的游乐项目，孩子们很喜欢哦。,2015-10-03,
xujmami,5,4,4,4,5,巧克力乐园，这是一个小孩子可以去玩的地方，还不错！,2015-09-26,
                … ,5,5,5,5,5,很漂亮的地方，宝贝还自己动手做了巧克力，非常开心！,2015-09-23,
lv151****2505,5,5,5,5,5,很美地方。有机会想再去一次。希望下次能是个好天气。,2015-09-22,
lv151****2505,5,5,4,5,5,不错！孩子们挺喜欢的。很干净。还有小型儿童乐园。值得一去！,2015-09-22,
300227@51fanli,5,5,5,5,5,很不错，适合小朋友玩。巧克力味道也不错。,2015-09-21,
wxlv37966363,4,4,4,4,3,蛮不错的，之后去了云澜湾，景点蛮近的，一天可以几个景点哈！,2015-09-19,
qqlv418312228847… ,3,5,5,5,4,环境挺干净的，去西塘玩顺便去了这里，带孩子一起还是挺值得的一趟。,2015-09-17,
wxlv33836935,5,5,5,5,5,不错，1块钱的门票很值，带小宝宝玩一天都没问题，里面也可以吃饭，外面花园也可以玩，下次还打算去,2015-09-15,
lv1599032kiyw,5,5,5,5,5,工厂里很干净！我们去得早！还没开始生产！员工在包装！还有免费的巧克力试吃！里面可以自己DIY巧克力！可惜孩子太小不能一起做！楼下还有超市和小孩子的游乐设施！工作人员的服务态度都很好！,2015-09-14,
lv15957248vej,5,5,5,5,5,新开的，环境很好，一进去就闻到了浓浓的巧克力味道,2015-09-14,
lv1365661jd8w,5,5,5,5,5,可以带小朋友过去游玩下哦！应该会很开心呢！,2015-09-12,
lv1365661jd8w,5,5,5,5,5,巧克力的味道真的很赞，值得品尝和购买哦！室内还有小朋友玩的滑滑梯，热门的很啊！,2015-09-12,
lv1365661jd8w,5,5,5,5,5,1块的票价还是不错的，就是天公不作美！否则室外的估计也可以玩好久啊！,2015-09-12,
lv15888300ajk,2,5,5,5,5,挺不错的！巧克力也不错，风景也不错！值得去看一下！,2015-09-07,
u9405935,5,4,4,4,3,新开的 2元买的门票还行 不过里面的消费蛮高的 我们买了两盒巧克力 100多吧,2015-09-07,
swlv60841507,5,4,4,4,5,孩子很喜欢玩，自己制作巧克力很有意思，下次再来,2015-09-06,
lv1361573xvcd,5,4,4,4,4,巧克力乐园还是值得一玩的，参观巧克力的制作流水线、科普知识、DIY手工、户外草坪摄影，很适合亲子，关键是团购门票实在便宜,2015-09-06,
     挥之不去。495153… ,5,5,5,5,5,带小朋友去的。感觉蛮好玩的。感觉可以扩大成游乐场。那样就更好了,2015-09-05,
lv135****9886,5,4,4,4,4,环境好适合小朋友玩还可以学到巧克力制作的整套流程,2015-09-05,
qqlv980039972860… ,4,4,4,4,4,驴妈上订票很便宜.景区经常看.腻了.工厂的模式也挺好.孩子有很多.,2015-09-05,
aplv27316999,5,4,3,4,4,周末偶然间发现此处有风景，便去一窥究竟，风景甚美，悠哉悠哉！,2015-09-04,
lv186****4546,4,3,3,4,4,导航要到斯麦乐，千万不要到歌雯颂，否则到不了。,2015-08-25,
lv136****8300,5,5,5,5,5,不错的地方，巧克力工厂你，介绍巧克力生产过程，适合带小朋友看看,2015-08-23,
babylee683708,4,4,4,4,4,场地不算大，本来以为35度的天不大会有人，到了一看还是蛮多小孩的。每张票还有20元抵用券可以买巧克力，小小孩子玩玩可以，读书了的孩子意义就不大了。,2015-07-26,
lv135****5566,5,5,5,5,5,环境很大很漂亮，都在室内带着孩子去很喜欢很好玩,2015-07-14,
lv156****2899,5,5,5,5,5,不错，在那里做了一个巧克力diy，感觉非常好。有机会还会去的,2015-06-08,
user395026,4,4,3,3,5,小朋友很喜欢的地方 可以自己动手做巧克力 工作人员服务态度很好 都是年轻人 室外还有节目表演 就是去的那天太热了 没啥心情看表演,2015-06-08,
主是谷中百合532027,5,4,5,5,5,驴妈妈买门票真心方便，一个短信就可以换票，而且买了这张套票，还送了50元的抵价劵，女儿很开心，里面的服务也很好，又是免费品尝，又是套圈送礼品的，女儿简直兴奋极了，家有孩子的都可以去玩玩哦，真心不错！,2015-06-04,
主是谷中百合532027,5,5,5,5,5,驴妈妈买门票真心方便，一个短信就可以换票，而且买了这张套票，还送了50元的抵价劵，我们做了两份小小甜品师，女儿很开心，里面的服务也很好，又是免费品尝，又是套圈送礼品的，女儿简直兴奋极了，家有孩子的都可以去玩玩哦，真心不错！,2015-06-04,
lv158****0527,4,5,4,4,5,巧克力乐园还有部分景观未完工，周日去的，当天工厂刚好没生产，只能看产线了，有点可惜，室内室外都有溜滑梯，还可以加五十元做巧克力，孩子玩得很开心，餐厅的饮食也好吃，驴妈妈取票很方便！,2015-03-23,
lv138****7961,4,4,5,4,5,【点评有奖第6季】还算可以啦！只是我家的宝宝太小了，有点不适合！,2015-02-24,
lv138****7961,5,4,5,4,5,【点评有奖第6季】这个地方不能称为乐园，只能说是一个展示工厂，适合6岁以上孩子去，还能自己动手制作创意巧克力，不错！,2015-02-24,
lv135****1883,4,4,4,4,4,【点评有奖第6季】宝宝平常很喜欢吃巧克力，今天做亲手制作，更加兴奋和开心…,2015-02-24,
馨婷（琪妈）1900458,5,4,4,4,4,【点评有奖第6季】环境不错，玩的项目少了点，巧克力味道很好,2015-02-23,
